Mus musculus	reference (CL57BL6) strain	GRCm39	chromosome	1	34852393	34856866	-1	testis_NOD_rep1-piC_3	5912
Mus musculus	reference (CL57BL6) strain	GRCm39	chromosome	1	57386684	57401907	-1	testis_NOD_rep1-piC_4	30063
Mus musculus	reference (CL57BL6) strain	GRCm39	chromosome	1	67039809	67042701	-1	testis_NOD_rep1-piC_5	13302
Mus musculus	reference (CL57BL6) strain	GRCm39	chromosome	1	92915187	92928716	-1	testis_NOD_rep1-piC_7	31838
Mus musculus	reference (CL57BL6) strain	GRCm39	chromosome	1	118223058	118228663	-1	testis_NOD_rep1-piC_8	11316
Mus musculus	reference (CL57BL6) strain	GRCm39	chromosome	1	118228664	118228752	-1	testis_NOD_rep1-piC_8	89
Mus musculus	reference (CL57BL6) strain	GRCm39	chromosome	1	118605370	118614220	1	testis_NOD_rep1-piC_9	14405
Mus musculus	reference (CL57BL6) strain	GRCm39	chromosome	1	119472164	119478744	-1	testis_NOD_rep1-piC_10	8719
Mus musculus	reference (CL57BL6) strain	GRCm39	chromosome	1	125111530	125116108	1	testis_NOD_rep1-piC_11	26338
Mus musculus	reference (CL57BL6) strain	GRCm39	chromosome	1	127410285	127415511	1	testis_NOD_rep1-piC_12	6027
Mus musculus	reference (CL57BL6) strain	GRCm39	chromosome	1	131948930	131960304	1	testis_NOD_rep1-piC_13	20130
Mus musculus	reference (CL57BL6) strain	GRCm39	chromosome	1	136162442	136168379	1	testis_NOD_rep1-piC_14	19363
Mus musculus	reference (CL57BL6) strain	GRCm39	chromosome	1	139095436	139103734	1	testis_NOD_rep1-piC_15	12827
Mus musculus	reference (CL57BL6) strain	GRCm39	chromosome	1	155150736	155158507	-1	testis_NOD_rep1-piC_16	9925
Mus musculus	reference (CL57BL6) strain	GRCm39	chromosome	1	156468087	156480031	1	testis_NOD_rep1-piC_17	28267
Mus musculus	reference (CL57BL6) strain	GRCm39	chromosome	1	160793506	160803362	1	testis_NOD_rep1-piC_18	15672
Mus musculus	reference (CL57BL6) strain	GRCm39	chromosome	1	160830584	160848550	-1	testis_NOD_rep1-piC_19	29795
Mus musculus	reference (CL57BL6) strain	GRCm39	chromosome	1	165692763	165703600	-1	testis_NOD_rep1-piC_20	12171
Mus musculus	reference (CL57BL6) strain	GRCm39	chromosome	1	170020641	170027556	-1	testis_NOD_rep1-piC_21	7563
Mus musculus	reference (CL57BL6) strain	GRCm39	chromosome	1	172202007	172213859	1	testis_NOD_rep1-piC_22	31384
Mus musculus	reference (CL57BL6) strain	GRCm39	chromosome	2	25873604	25880416	1	testis_NOD_rep1-piC_24	20339
Mus musculus	reference (CL57BL6) strain	GRCm39	chromosome	2	28712343	28717977	-1	testis_NOD_rep1-piC_25	12195
Mus musculus	reference (CL57BL6) strain	GRCm39	chromosome	2	37456645	37472939	-1	testis_NOD_rep1-piC_26	33009
Mus musculus	reference (CL57BL6) strain	GRCm39	chromosome	2	84418176	84431206	-1	testis_NOD_rep1-piC_27	18461
Mus musculus	reference (CL57BL6) strain	GRCm39	chromosome	2	91095613	91110034	1	testis_NOD_rep1-piC_28	49199
Mus musculus	reference (CL57BL6) strain	GRCm39	chromosome	2	92345892	92352841	-1	testis_NOD_rep1-piC_29	27110
Mus musculus	reference (CL57BL6) strain	GRCm39	chromosome	2	92358940	92446934	1	testis_NOD_rep1-piC_30	215832
Mus musculus	reference (CL57BL6) strain	GRCm39	chromosome	2	92796150	92801587	-1	testis_NOD_rep1-piC_31	6204
Mus musculus	reference (CL57BL6) strain	GRCm39	chromosome	2	92879324	92888284	1	testis_NOD_rep1-piC_32	26284
Mus musculus	reference (CL57BL6) strain	GRCm39	chromosome	2	93804894	93814968	1	testis_NOD_rep1-piC_34	27468
Mus musculus	reference (CL57BL6) strain	GRCm39	chromosome	2	102130521	102134840	-1	testis_NOD_rep1-piC_35	4692
Mus musculus	reference (CL57BL6) strain	GRCm39	chromosome	2	119432639	119437956	1	testis_NOD_rep1-piC_36	6010
Mus musculus	reference (CL57BL6) strain	GRCm39	chromosome	2	127097527	127104827	1	testis_NOD_rep1-piC_37	16481
Mus musculus	reference (CL57BL6) strain	GRCm39	chromosome	2	127532820	127548758	1	testis_NOD_rep1-piC_38	54155
Mus musculus	reference (CL57BL6) strain	GRCm39	chromosome	2	129669709	129674278	1	testis_NOD_rep1-piC_39	11765
Mus musculus	reference (CL57BL6) strain	GRCm39	chromosome	2	132146819	132153875	1	testis_NOD_rep1-piC_40	9199
Mus musculus	reference (CL57BL6) strain	GRCm39	chromosome	2	153106277	153113272	1	testis_NOD_rep1-piC_42	29513
Mus musculus	reference (CL57BL6) strain	GRCm39	chromosome	2	153609975	153616401	1	testis_NOD_rep1-piC_43	11731
Mus musculus	reference (CL57BL6) strain	GRCm39	chromosome	2	154140858	154145617	-1	testis_NOD_rep1-piC_44	20549
Mus musculus	reference (CL57BL6) strain	GRCm39	chromosome	2	158477231	158487564	1	testis_NOD_rep1-piC_45	27988
Mus musculus	reference (CL57BL6) strain	GRCm39	chromosome	2	160604446	160615141	-1	testis_NOD_rep1-piC_46	17687
Mus musculus	reference (CL57BL6) strain	GRCm39	chromosome	2	178060143	178066069	1	testis_NOD_rep1-piC_47	34045
Mus musculus	reference (CL57BL6) strain	GRCm39	chromosome	2	181190507	181196255	1	testis_NOD_rep1-piC_48	6653
Mus musculus	reference (CL57BL6) strain	GRCm39	chromosome	3	32389006	32396340	-1	testis_NOD_rep1-piC_52	17998
Mus musculus	reference (CL57BL6) strain	GRCm39	chromosome	3	32555578	32563407	1	testis_NOD_rep1-piC_53	33327
Mus musculus	reference (CL57BL6) strain	GRCm39	chromosome	3	34499390	34510388	-1	testis_NOD_rep1-piC_54	13341
Mus musculus	reference (CL57BL6) strain	GRCm39	chromosome	3	34922015	34934890	1	testis_NOD_rep1-piC_55	26156
Mus musculus	reference (CL57BL6) strain	GRCm39	chromosome	3	68972622	68978725	-1	testis_NOD_rep1-piC_56	7857
Mus musculus	reference (CL57BL6) strain	GRCm39	chromosome	3	94405039	94410910	-1	testis_NOD_rep1-piC_57	6502
Mus musculus	reference (CL57BL6) strain	GRCm39	chromosome	3	95088842	95096042	-1	testis_NOD_rep1-piC_58	12601
Mus musculus	reference (CL57BL6) strain	GRCm39	chromosome	3	102909025	102913531	1	testis_NOD_rep1-piC_60	5929
Mus musculus	reference (CL57BL6) strain	GRCm39	chromosome	3	124191782	124216724	-1	testis_NOD_rep1-piC_61	53756
Mus musculus	reference (CL57BL6) strain	GRCm39	chromosome	3	137611647	137621642	1	testis_NOD_rep1-piC_62	18567
Mus musculus	reference (CL57BL6) strain	GRCm39	chromosome	4	45371657	45374745	1	testis_NOD_rep1-piC_63	7958
Mus musculus	reference (CL57BL6) strain	GRCm39	chromosome	4	45374746	45379919	1	testis_NOD_rep1-piC_63	6135
Mus musculus	reference (CL57BL6) strain	GRCm39	chromosome	4	45396092	45400149	-1	testis_NOD_rep1-piC_64	31474
Mus musculus	reference (CL57BL6) strain	GRCm39	chromosome	4	56867103	56874519	-1	testis_NOD_rep1-piC_65	31470
Mus musculus	reference (CL57BL6) strain	GRCm39	chromosome	4	57357035	57365154	-1	testis_NOD_rep1-piC_66	30083
Mus musculus	reference (CL57BL6) strain	GRCm39	chromosome	4	59769753	59778855	-1	testis_NOD_rep1-piC_67	22717
Mus musculus	reference (CL57BL6) strain	GRCm39	chromosome	4	62135214	62160505	-1	testis_NOD_rep1-piC_68	193595
Mus musculus	reference (CL57BL6) strain	GRCm39	chromosome	4	94163659	94219738	-1	testis_NOD_rep1-piC_70	120587
Mus musculus	reference (CL57BL6) strain	GRCm39	chromosome	4	94219739	94226892	-1	testis_NOD_rep1-piC_70	47828
Mus musculus	reference (CL57BL6) strain	GRCm39	chromosome	4	97511617	97519930	-1	testis_NOD_rep1-piC_71	11224
Mus musculus	reference (CL57BL6) strain	GRCm39	chromosome	4	108085698	108094222	-1	testis_NOD_rep1-piC_72	22509
Mus musculus	reference (CL57BL6) strain	GRCm39	chromosome	4	119079210	119083425	-1	testis_NOD_rep1-piC_73	10141
Mus musculus	reference (CL57BL6) strain	GRCm39	chromosome	4	120764736	120772870	-1	testis_NOD_rep1-piC_74	26252
Mus musculus	reference (CL57BL6) strain	GRCm39	chromosome	4	123716843	123749606	-1	testis_NOD_rep1-piC_75	207431
Mus musculus	reference (CL57BL6) strain	GRCm39	chromosome	4	123780520	123791414	-1	testis_NOD_rep1-piC_76	47522
Mus musculus	reference (CL57BL6) strain	GRCm39	chromosome	4	126226942	126234584	-1	testis_NOD_rep1-piC_77	15685
Mus musculus	reference (CL57BL6) strain	GRCm39	chromosome	4	128470962	128480412	-1	testis_NOD_rep1-piC_78	21653
Mus musculus	reference (CL57BL6) strain	GRCm39	chromosome	4	129106431	129112997	1	testis_NOD_rep1-piC_79	24389
Mus musculus	reference (CL57BL6) strain	GRCm39	chromosome	4	132793963	132798752	1	testis_NOD_rep1-piC_80	13357
Mus musculus	reference (CL57BL6) strain	GRCm39	chromosome	4	132919434	132927024	1	testis_NOD_rep1-piC_81	17577
Mus musculus	reference (CL57BL6) strain	GRCm39	chromosome	4	135349288	135361598	1	testis_NOD_rep1-piC_83	30563
Mus musculus	reference (CL57BL6) strain	GRCm39	chromosome	4	138618397	138624207	-1	testis_NOD_rep1-piC_84	16080
Mus musculus	reference (CL57BL6) strain	GRCm39	chromosome	4	155799345	155804409	1	testis_NOD_rep1-piC_85	11007
Mus musculus	reference (CL57BL6) strain	GRCm39	chromosome	5	31333473	31339150	-1	testis_NOD_rep1-piC_86	10261
Mus musculus	reference (CL57BL6) strain	GRCm39	chromosome	5	35107838	35116522	1	testis_NOD_rep1-piC_87	15503
Mus musculus	reference (CL57BL6) strain	GRCm39	chromosome	5	101980824	102001646	-1	testis_NOD_rep1-piC_88	42209
Mus musculus	reference (CL57BL6) strain	GRCm39	chromosome	5	113507030	113529056	1	testis_NOD_rep1-piC_90	64288
Mus musculus	reference (CL57BL6) strain	GRCm39	chromosome	5	114953418	114963443	-1	testis_NOD_rep1-piC_91	120772
Mus musculus	reference (CL57BL6) strain	GRCm39	chromosome	5	114966760	114978395	-1	testis_NOD_rep1-piC_92	84027
Mus musculus	reference (CL57BL6) strain	GRCm39	chromosome	5	114979166	114995735	-1	testis_NOD_rep1-piC_93	374223
Mus musculus	reference (CL57BL6) strain	GRCm39	chromosome	5	115277265	115286063	-1	testis_NOD_rep1-piC_94	23601
Mus musculus	reference (CL57BL6) strain	GRCm39	chromosome	5	124506900	124513384	-1	testis_NOD_rep1-piC_95	8671
Mus musculus	reference (CL57BL6) strain	GRCm39	chromosome	5	125552669	125559171	1	testis_NOD_rep1-piC_96	11289
Mus musculus	reference (CL57BL6) strain	GRCm39	chromosome	5	129793327	129793864	1	testis_NOD_rep1-piC_97	599
Mus musculus	reference (CL57BL6) strain	GRCm39	chromosome	5	129793865	129799297	1	testis_NOD_rep1-piC_97	8188
Mus musculus	reference (CL57BL6) strain	GRCm39	chromosome	5	135183217	135196858	1	testis_NOD_rep1-piC_98	35837
Mus musculus	reference (CL57BL6) strain	GRCm39	chromosome	5	136293638	136303845	-1	testis_NOD_rep1-piC_99	14120
Mus musculus	reference (CL57BL6) strain	GRCm39	chromosome	5	142648833	142658014	1	testis_NOD_rep1-piC_102	12923
Mus musculus	reference (CL57BL6) strain	GRCm39	chromosome	5	142852764	142859117	-1	testis_NOD_rep1-piC_103	10277
Mus musculus	reference (CL57BL6) strain	GRCm39	chromosome	5	143743555	143759173	1	testis_NOD_rep1-piC_104	49016
Mus musculus	reference (CL57BL6) strain	GRCm39	chromosome	5	149708784	149734571	-1	testis_NOD_rep1-piC_105	46334
Mus musculus	reference (CL57BL6) strain	GRCm39	chromosome	5	149734572	149758052	-1	testis_NOD_rep1-piC_105	85952
Mus musculus	reference (CL57BL6) strain	GRCm39	chromosome	6	30449602	30455133	1	testis_NOD_rep1-piC_106	6332
Mus musculus	reference (CL57BL6) strain	GRCm39	chromosome	6	38664460	38674872	-1	testis_NOD_rep1-piC_107	15606
Mus musculus	reference (CL57BL6) strain	GRCm39	chromosome	6	48542104	48552371	1	testis_NOD_rep1-piC_108	14241
Mus musculus	reference (CL57BL6) strain	GRCm39	chromosome	6	54618203	54622748	1	testis_NOD_rep1-piC_109	5108
Mus musculus	reference (CL57BL6) strain	GRCm39	chromosome	6	72584966	72589090	-1	testis_NOD_rep1-piC_110	5737
Mus musculus	reference (CL57BL6) strain	GRCm39	chromosome	6	81870792	81891322	-1	testis_NOD_rep1-piC_111	70744
Mus musculus	reference (CL57BL6) strain	GRCm39	chromosome	6	83317160	83322839	1	testis_NOD_rep1-piC_112	15563
Mus musculus	reference (CL57BL6) strain	GRCm39	chromosome	6	83782850	83787355	-1	testis_NOD_rep1-piC_113	11750
Mus musculus	reference (CL57BL6) strain	GRCm39	chromosome	6	85081722	85093398	-1	testis_NOD_rep1-piC_114	54407
Mus musculus	reference (CL57BL6) strain	GRCm39	chromosome	6	85489265	85496123	1	testis_NOD_rep1-piC_115	8470
Mus musculus	reference (CL57BL6) strain	GRCm39	chromosome	6	85918443	85927052	-1	testis_NOD_rep1-piC_116	31403
Mus musculus	reference (CL57BL6) strain	GRCm39	chromosome	6	85961855	85974795	-1	testis_NOD_rep1-piC_117	62257
Mus musculus	reference (CL57BL6) strain	GRCm39	chromosome	6	87006730	87022623	-1	testis_NOD_rep1-piC_118	69050
Mus musculus	reference (CL57BL6) strain	GRCm39	chromosome	6	87919189	87925990	-1	testis_NOD_rep1-piC_119	27328
Mus musculus	reference (CL57BL6) strain	GRCm39	chromosome	6	87926254	87980400	-1	testis_NOD_rep1-piC_120	240336
Mus musculus	reference (CL57BL6) strain	GRCm39	chromosome	6	92144025	92152686	1	testis_NOD_rep1-piC_121	37837
Mus musculus	reference (CL57BL6) strain	GRCm39	chromosome	6	95106513	95122411	1	testis_NOD_rep1-piC_122	79888
Mus musculus	reference (CL57BL6) strain	GRCm39	chromosome	6	112591683	112597807	-1	testis_NOD_rep1-piC_123	21382
Mus musculus	reference (CL57BL6) strain	GRCm39	chromosome	6	113690974	113695985	1	testis_NOD_rep1-piC_124	6570
Mus musculus	reference (CL57BL6) strain	GRCm39	chromosome	6	120861956	120871039	1	testis_NOD_rep1-piC_125	11526
Mus musculus	reference (CL57BL6) strain	GRCm39	chromosome	6	122463707	122467140	1	testis_NOD_rep1-piC_126	8149
Mus musculus	reference (CL57BL6) strain	GRCm39	chromosome	6	122474420	122483277	1	testis_NOD_rep1-piC_127	21483
Mus musculus	reference (CL57BL6) strain	GRCm39	chromosome	6	124795980	124801698	1	testis_NOD_rep1-piC_128	7609
Mus musculus	reference (CL57BL6) strain	GRCm39	chromosome	6	128154059	128163269	-1	testis_NOD_rep1-piC_130	90679
Mus musculus	reference (CL57BL6) strain	GRCm39	chromosome	6	128415516	128430745	1	testis_NOD_rep1-piC_131	46134
Mus musculus	reference (CL57BL6) strain	GRCm39	chromosome	6	136580956	136589310	1	testis_NOD_rep1-piC_132	14624
Mus musculus	reference (CL57BL6) strain	GRCm39	chromosome	6	140538254	140543673	1	testis_NOD_rep1-piC_133	12389
Mus musculus	reference (CL57BL6) strain	GRCm39	chromosome	6	148550528	148557268	-1	testis_NOD_rep1-piC_134	22535
Mus musculus	reference (CL57BL6) strain	GRCm39	chromosome	7	23917513	23926330	-1	testis_NOD_rep1-piC_135	26559
Mus musculus	reference (CL57BL6) strain	GRCm39	chromosome	7	25319043	25324944	1	testis_NOD_rep1-piC_136	7216
Mus musculus	reference (CL57BL6) strain	GRCm39	chromosome	7	27887424	27897092	1	testis_NOD_rep1-piC_137	21005
Mus musculus	reference (CL57BL6) strain	GRCm39	chromosome	7	29829505	29833731	1	testis_NOD_rep1-piC_138	11344
Mus musculus	reference (CL57BL6) strain	GRCm39	chromosome	7	34745996	34751986	-1	testis_NOD_rep1-piC_139	7071
Mus musculus	reference (CL57BL6) strain	GRCm39	chromosome	7	40800507	40812146	-1	testis_NOD_rep1-piC_141	144880
Mus musculus	reference (CL57BL6) strain	GRCm39	chromosome	7	40812431	40813028	-1	testis_NOD_rep1-piC_141	22405
Mus musculus	reference (CL57BL6) strain	GRCm39	chromosome	7	45482206	45483828	1	testis_NOD_rep1-piC_142	1633
Mus musculus	reference (CL57BL6) strain	GRCm39	chromosome	7	45483829	45488263	1	testis_NOD_rep1-piC_142	6897
Mus musculus	reference (CL57BL6) strain	GRCm39	chromosome	7	52535059	52548980	1	testis_NOD_rep1-piC_143	87249
Mus musculus	reference (CL57BL6) strain	GRCm39	chromosome	7	73273571	73279460	1	testis_NOD_rep1-piC_146	12077
Mus musculus	reference (CL57BL6) strain	GRCm39	chromosome	7	73396304	73405718	-1	testis_NOD_rep1-piC_147	23611
Mus musculus	reference (CL57BL6) strain	GRCm39	chromosome	7	73409025	73414867	-1	testis_NOD_rep1-piC_148	27972
Mus musculus	reference (CL57BL6) strain	GRCm39	chromosome	7	79009720	79014805	1	testis_NOD_rep1-piC_150	5519
Mus musculus	reference (CL57BL6) strain	GRCm39	chromosome	7	81535317	81544645	-1	testis_NOD_rep1-piC_151	12090
Mus musculus	reference (CL57BL6) strain	GRCm39	chromosome	7	81820933	81824756	-1	testis_NOD_rep1-piC_152	18351
Mus musculus	reference (CL57BL6) strain	GRCm39	chromosome	7	99566500	99578054	-1	testis_NOD_rep1-piC_155	15654
Mus musculus	reference (CL57BL6) strain	GRCm39	chromosome	7	119451303	119457269	-1	testis_NOD_rep1-piC_156	6632
Mus musculus	reference (CL57BL6) strain	GRCm39	chromosome	7	121156361	121163513	-1	testis_NOD_rep1-piC_157	8730
Mus musculus	reference (CL57BL6) strain	GRCm39	chromosome	7	124918907	124933693	-1	testis_NOD_rep1-piC_158	20239
Mus musculus	reference (CL57BL6) strain	GRCm39	chromosome	7	127020891	127025780	1	testis_NOD_rep1-piC_160	11531
Mus musculus	reference (CL57BL6) strain	GRCm39	chromosome	7	132310932	132318685	-1	testis_NOD_rep1-piC_161	18705
Mus musculus	reference (CL57BL6) strain	GRCm39	chromosome	8	13826566	13836250	-1	testis_NOD_rep1-piC_162	26871
Mus musculus	reference (CL57BL6) strain	GRCm39	chromosome	8	23709649	23717295	-1	testis_NOD_rep1-piC_164	36437
Mus musculus	reference (CL57BL6) strain	GRCm39	chromosome	8	25641443	25644634	-1	testis_NOD_rep1-piC_165	6088
Mus musculus	reference (CL57BL6) strain	GRCm39	chromosome	8	25644928	25649837	-1	testis_NOD_rep1-piC_165	6053
Mus musculus	reference (CL57BL6) strain	GRCm39	chromosome	8	34393558	34405326	-1	testis_NOD_rep1-piC_166	30555
Mus musculus	reference (CL57BL6) strain	GRCm39	chromosome	8	35292025	35298438	-1	testis_NOD_rep1-piC_167	14321
Mus musculus	reference (CL57BL6) strain	GRCm39	chromosome	8	66964409	66971830	1	testis_NOD_rep1-piC_168	12911
Mus musculus	reference (CL57BL6) strain	GRCm39	chromosome	8	70276218	70279270	1	testis_NOD_rep1-piC_170	4203
Mus musculus	reference (CL57BL6) strain	GRCm39	chromosome	8	70279271	70283594	1	testis_NOD_rep1-piC_170	16253
Mus musculus	reference (CL57BL6) strain	GRCm39	chromosome	8	71398389	71404399	-1	testis_NOD_rep1-piC_171	9956
Mus musculus	reference (CL57BL6) strain	GRCm39	chromosome	8	92916076	92928745	1	testis_NOD_rep1-piC_173	33330
Mus musculus	reference (CL57BL6) strain	GRCm39	chromosome	8	94134745	94154610	-1	testis_NOD_rep1-piC_174	31162
Mus musculus	reference (CL57BL6) strain	GRCm39	chromosome	8	94741006	94746321	-1	testis_NOD_rep1-piC_175	19250
Mus musculus	reference (CL57BL6) strain	GRCm39	chromosome	8	96534280	96541029	1	testis_NOD_rep1-piC_176	26171
Mus musculus	reference (CL57BL6) strain	GRCm39	chromosome	8	105075110	105082954	-1	testis_NOD_rep1-piC_177	9873
Mus musculus	reference (CL57BL6) strain	GRCm39	chromosome	8	107739063	107748736	1	testis_NOD_rep1-piC_178	26562
Mus musculus	reference (CL57BL6) strain	GRCm39	chromosome	8	107909450	107913834	1	testis_NOD_rep1-piC_179	16173
Mus musculus	reference (CL57BL6) strain	GRCm39	chromosome	8	110450086	110461721	-1	testis_NOD_rep1-piC_180	31995
Mus musculus	reference (CL57BL6) strain	GRCm39	chromosome	8	110841828	110849249	1	testis_NOD_rep1-piC_181	28427
Mus musculus	reference (CL57BL6) strain	GRCm39	chromosome	8	110849250	110861470	1	testis_NOD_rep1-piC_181	47266
Mus musculus	reference (CL57BL6) strain	GRCm39	chromosome	8	111727021	111738021	-1	testis_NOD_rep1-piC_182	71000
Mus musculus	reference (CL57BL6) strain	GRCm39	chromosome	8	111859202	111868954	1	testis_NOD_rep1-piC_183	37617
Mus musculus	reference (CL57BL6) strain	GRCm39	chromosome	8	112587152	112594618	-1	testis_NOD_rep1-piC_184	34489
Mus musculus	reference (CL57BL6) strain	GRCm39	chromosome	8	117691194	117696815	-1	testis_NOD_rep1-piC_185	20025
Mus musculus	reference (CL57BL6) strain	GRCm39	chromosome	8	117929709	117945652	1	testis_NOD_rep1-piC_186	34316
Mus musculus	reference (CL57BL6) strain	GRCm39	chromosome	8	122634344	122645478	1	testis_NOD_rep1-piC_187	31249
Mus musculus	reference (CL57BL6) strain	GRCm39	chromosome	8	125615972	125616277	-1	testis_NOD_rep1-piC_188	307
Mus musculus	reference (CL57BL6) strain	GRCm39	chromosome	8	125616278	125623769	-1	testis_NOD_rep1-piC_188	16237
Mus musculus	reference (CL57BL6) strain	GRCm39	chromosome	8	125623770	125625814	-1	testis_NOD_rep1-piC_188	2308
Mus musculus	reference (CL57BL6) strain	GRCm39	chromosome	9	14238359	14243350	1	testis_NOD_rep1-piC_189	7005
Mus musculus	reference (CL57BL6) strain	GRCm39	chromosome	9	30977965	30988052	1	testis_NOD_rep1-piC_190	21078
Mus musculus	reference (CL57BL6) strain	GRCm39	chromosome	9	37181159	37187832	-1	testis_NOD_rep1-piC_191	39252
Mus musculus	reference (CL57BL6) strain	GRCm39	chromosome	9	51757444	51764350	1	testis_NOD_rep1-piC_193	8718
Mus musculus	reference (CL57BL6) strain	GRCm39	chromosome	9	51764351	51768950	1	testis_NOD_rep1-piC_193	14760
Mus musculus	reference (CL57BL6) strain	GRCm39	chromosome	9	54180156	54203791	1	testis_NOD_rep1-piC_195	64053
Mus musculus	reference (CL57BL6) strain	GRCm39	chromosome	9	83479354	83483726	1	testis_NOD_rep1-piC_197	6944
Mus musculus	reference (CL57BL6) strain	GRCm39	chromosome	9	110376425	110380542	1	testis_NOD_rep1-piC_201	4193
Mus musculus	reference (CL57BL6) strain	GRCm39	chromosome	9	114557386	114566410	1	testis_NOD_rep1-piC_203	39283
Mus musculus	reference (CL57BL6) strain	GRCm39	chromosome	9	114573784	114579678	1	testis_NOD_rep1-piC_204	17026
Mus musculus	reference (CL57BL6) strain	GRCm39	chromosome	9	122603373	122637893	-1	testis_NOD_rep1-piC_205	68197
Mus musculus	reference (CL57BL6) strain	GRCm39	chromosome	10	18665675	18710618	-1	testis_NOD_rep1-piC_206	153327
Mus musculus	reference (CL57BL6) strain	GRCm39	chromosome	10	34173470	34177327	1	testis_NOD_rep1-piC_207	4470
Mus musculus	reference (CL57BL6) strain	GRCm39	chromosome	10	39524198	39531917	-1	testis_NOD_rep1-piC_208	20060
Mus musculus	reference (CL57BL6) strain	GRCm39	chromosome	10	40353918	40359711	1	testis_NOD_rep1-piC_209	9562
Mus musculus	reference (CL57BL6) strain	GRCm39	chromosome	10	61264260	61275522	-1	testis_NOD_rep1-piC_210	38865
Mus musculus	reference (CL57BL6) strain	GRCm39	chromosome	10	62346511	62352960	1	testis_NOD_rep1-piC_211	12556
Mus musculus	reference (CL57BL6) strain	GRCm39	chromosome	10	62487471	62495287	1	testis_NOD_rep1-piC_212	12533
Mus musculus	reference (CL57BL6) strain	GRCm39	chromosome	10	62495288	62545133	1	testis_NOD_rep1-piC_212	162325
Mus musculus	reference (CL57BL6) strain	GRCm39	chromosome	10	63174316	63180660	1	testis_NOD_rep1-piC_213	16892
Mus musculus	reference (CL57BL6) strain	GRCm39	chromosome	10	75670907	75698410	1	testis_NOD_rep1-piC_215	105504
Mus musculus	reference (CL57BL6) strain	GRCm39	chromosome	10	75698411	75699291	1	testis_NOD_rep1-piC_216	6445
Mus musculus	reference (CL57BL6) strain	GRCm39	chromosome	10	75701354	75736015	1	testis_NOD_rep1-piC_216	140140
Mus musculus	reference (CL57BL6) strain	GRCm39	chromosome	10	80633988	80637296	1	testis_NOD_rep1-piC_218	5890
Mus musculus	reference (CL57BL6) strain	GRCm39	chromosome	10	81214168	81219258	-1	testis_NOD_rep1-piC_219	7143
Mus musculus	reference (CL57BL6) strain	GRCm39	chromosome	10	84319749	84340692	1	testis_NOD_rep1-piC_222	67251
Mus musculus	reference (CL57BL6) strain	GRCm39	chromosome	10	85670437	85673683	-1	testis_NOD_rep1-piC_225	31306
Mus musculus	reference (CL57BL6) strain	GRCm39	chromosome	10	85673685	85706852	-1	testis_NOD_rep1-piC_225	307381
Mus musculus	reference (CL57BL6) strain	GRCm39	chromosome	10	86743761	86750515	1	testis_NOD_rep1-piC_227	11796
Mus musculus	reference (CL57BL6) strain	GRCm39	chromosome	10	112761408	112764911	-1	testis_NOD_rep1-piC_228	4030
Mus musculus	reference (CL57BL6) strain	GRCm39	chromosome	10	127522403	127536895	1	testis_NOD_rep1-piC_229	36636
Mus musculus	reference (CL57BL6) strain	GRCm39	chromosome	11	5475067	5486011	-1	testis_NOD_rep1-piC_230	20772
Mus musculus	reference (CL57BL6) strain	GRCm39	chromosome	11	5639173	5654301	1	testis_NOD_rep1-piC_231	56320
Mus musculus	reference (CL57BL6) strain	GRCm39	chromosome	11	6417958	6422901	-1	testis_NOD_rep1-piC_232	5232
Mus musculus	reference (CL57BL6) strain	GRCm39	chromosome	11	20597843	20602921	1	testis_NOD_rep1-piC_233	5758
Mus musculus	reference (CL57BL6) strain	GRCm39	chromosome	11	33194097	33206705	-1	testis_NOD_rep1-piC_234	51116
Mus musculus	reference (CL57BL6) strain	GRCm39	chromosome	11	45724407	45728658	-1	testis_NOD_rep1-piC_235	6780
Mus musculus	reference (CL57BL6) strain	GRCm39	chromosome	11	55390567	55395618	1	testis_NOD_rep1-piC_236	14867
Mus musculus	reference (CL57BL6) strain	GRCm39	chromosome	11	61755759	61763809	-1	testis_NOD_rep1-piC_238	10228
Mus musculus	reference (CL57BL6) strain	GRCm39	chromosome	11	61763810	61765505	-1	testis_NOD_rep1-piC_238	8890
Mus musculus	reference (CL57BL6) strain	GRCm39	chromosome	11	74709151	74715899	1	testis_NOD_rep1-piC_241	10278
Mus musculus	reference (CL57BL6) strain	GRCm39	chromosome	11	75462589	75471096	1	testis_NOD_rep1-piC_242	17655
Mus musculus	reference (CL57BL6) strain	GRCm39	chromosome	11	75619255	75623599	-1	testis_NOD_rep1-piC_243	12468
Mus musculus	reference (CL57BL6) strain	GRCm39	chromosome	11	77344651	77350959	1	testis_NOD_rep1-piC_244	7313
Mus musculus	reference (CL57BL6) strain	GRCm39	chromosome	11	78728929	78736155	1	testis_NOD_rep1-piC_246	13802
Mus musculus	reference (CL57BL6) strain	GRCm39	chromosome	11	79581329	79589589	1	testis_NOD_rep1-piC_247	11584
Mus musculus	reference (CL57BL6) strain	GRCm39	chromosome	11	82765657	82774779	-1	testis_NOD_rep1-piC_248	40316
Mus musculus	reference (CL57BL6) strain	GRCm39	chromosome	11	88926165	88930661	-1	testis_NOD_rep1-piC_249	7865
Mus musculus	reference (CL57BL6) strain	GRCm39	chromosome	11	90367391	90370724	-1	testis_NOD_rep1-piC_250	5057
Mus musculus	reference (CL57BL6) strain	GRCm39	chromosome	11	95162044	95168432	-1	testis_NOD_rep1-piC_251	12411
Mus musculus	reference (CL57BL6) strain	GRCm39	chromosome	11	95653514	95663146	1	testis_NOD_rep1-piC_252	14556
Mus musculus	reference (CL57BL6) strain	GRCm39	chromosome	11	97281071	97291252	1	testis_NOD_rep1-piC_253	22844
Mus musculus	reference (CL57BL6) strain	GRCm39	chromosome	11	98788715	98795951	1	testis_NOD_rep1-piC_254	16392
Mus musculus	reference (CL57BL6) strain	GRCm39	chromosome	11	98836351	98841142	1	testis_NOD_rep1-piC_255	15896
Mus musculus	reference (CL57BL6) strain	GRCm39	chromosome	11	100345581	100359824	-1	testis_NOD_rep1-piC_256	27012
Mus musculus	reference (CL57BL6) strain	GRCm39	chromosome	11	101144562	101150364	1	testis_NOD_rep1-piC_257	27532
Mus musculus	reference (CL57BL6) strain	GRCm39	chromosome	11	103310597	103341928	1	testis_NOD_rep1-piC_259	97415
Mus musculus	reference (CL57BL6) strain	GRCm39	chromosome	11	105944896	105952240	1	testis_NOD_rep1-piC_260	9881
Mus musculus	reference (CL57BL6) strain	GRCm39	chromosome	11	108305368	108317876	-1	testis_NOD_rep1-piC_261	21410
Mus musculus	reference (CL57BL6) strain	GRCm39	chromosome	11	109286798	109293520	1	testis_NOD_rep1-piC_262	9032
Mus musculus	reference (CL57BL6) strain	GRCm39	chromosome	11	117615029	117623864	1	testis_NOD_rep1-piC_263	12337
Mus musculus	reference (CL57BL6) strain	GRCm39	chromosome	11	120479107	120485328	-1	testis_NOD_rep1-piC_264	11690
Mus musculus	reference (CL57BL6) strain	GRCm39	chromosome	11	120485329	120489662	-1	testis_NOD_rep1-piC_264	10233
Mus musculus	reference (CL57BL6) strain	GRCm39	chromosome	12	3551682	3556225	1	testis_NOD_rep1-piC_265	9642
Mus musculus	reference (CL57BL6) strain	GRCm39	chromosome	12	3958070	3963664	1	testis_NOD_rep1-piC_266	5759
Mus musculus	reference (CL57BL6) strain	GRCm39	chromosome	12	7929327	7933854	-1	testis_NOD_rep1-piC_267	4637
Mus musculus	reference (CL57BL6) strain	GRCm39	chromosome	12	84184983	84190675	1	testis_NOD_rep1-piC_269	16622
Mus musculus	reference (CL57BL6) strain	GRCm39	chromosome	12	87211686	87221414	-1	testis_NOD_rep1-piC_270	12546
Mus musculus	reference (CL57BL6) strain	GRCm39	chromosome	12	100863674	100874229	-1	testis_NOD_rep1-piC_274	24477
Mus musculus	reference (CL57BL6) strain	GRCm39	chromosome	12	102747120	102751868	-1	testis_NOD_rep1-piC_275	44782
Mus musculus	reference (CL57BL6) strain	GRCm39	chromosome	13	38155731	38163724	-1	testis_NOD_rep1-piC_276	12582
Mus musculus	reference (CL57BL6) strain	GRCm39	chromosome	13	41787949	41798372	1	testis_NOD_rep1-piC_277	18454
Mus musculus	reference (CL57BL6) strain	GRCm39	chromosome	13	53547347	53560060	1	testis_NOD_rep1-piC_285	46212
Mus musculus	reference (CL57BL6) strain	GRCm39	chromosome	13	56885818	56889871	1	testis_NOD_rep1-piC_286	4864
Mus musculus	reference (CL57BL6) strain	GRCm39	chromosome	13	100833849	100841043	-1	testis_NOD_rep1-piC_287	16379
Mus musculus	reference (CL57BL6) strain	GRCm39	chromosome	14	14090936	14102423	-1	testis_NOD_rep1-piC_288	21395
Mus musculus	reference (CL57BL6) strain	GRCm39	chromosome	14	14090258	14090935	-1	testis_NOD_rep1-piC_288	746
Mus musculus	reference (CL57BL6) strain	GRCm39	chromosome	14	24120487	24181216	1	testis_NOD_rep1-piC_290	223242
Mus musculus	reference (CL57BL6) strain	GRCm39	chromosome	14	24189537	24199190	1	testis_NOD_rep1-piC_291	20443
Mus musculus	reference (CL57BL6) strain	GRCm39	chromosome	14	24384543	24420378	-1	testis_NOD_rep1-piC_292	231140
Mus musculus	reference (CL57BL6) strain	GRCm39	chromosome	14	24456830	24486312	-1	testis_NOD_rep1-piC_293	136660
Mus musculus	reference (CL57BL6) strain	GRCm39	chromosome	14	24488627	24498833	-1	testis_NOD_rep1-piC_294	87320
Mus musculus	reference (CL57BL6) strain	GRCm39	chromosome	14	32223472	32235254	-1	testis_NOD_rep1-piC_295	42112
Mus musculus	reference (CL57BL6) strain	GRCm39	chromosome	14	45168102	45196502	1	testis_NOD_rep1-piC_298	199880
Mus musculus	reference (CL57BL6) strain	GRCm39	chromosome	14	64085732	64092655	1	testis_NOD_rep1-piC_300	8248
Mus musculus	reference (CL57BL6) strain	GRCm39	chromosome	14	65049887	65060693	-1	testis_NOD_rep1-piC_301	17242
Mus musculus	reference (CL57BL6) strain	GRCm39	chromosome	14	65858448	65868942	-1	testis_NOD_rep1-piC_302	54649
Mus musculus	reference (CL57BL6) strain	GRCm39	chromosome	14	76807873	76814992	-1	testis_NOD_rep1-piC_303	26035
Mus musculus	reference (CL57BL6) strain	GRCm39	chromosome	14	78729956	78733261	-1	testis_NOD_rep1-piC_304	4078
Mus musculus	reference (CL57BL6) strain	GRCm39	chromosome	14	79949878	79956908	1	testis_NOD_rep1-piC_305	15218
Mus musculus	reference (CL57BL6) strain	GRCm39	chromosome	15	33682433	33689785	-1	testis_NOD_rep1-piC_306	8521
Mus musculus	reference (CL57BL6) strain	GRCm39	chromosome	15	68233692	68240068	1	testis_NOD_rep1-piC_307	20603
Mus musculus	reference (CL57BL6) strain	GRCm39	chromosome	15	72964762	72979185	-1	testis_NOD_rep1-piC_308	33144
Mus musculus	reference (CL57BL6) strain	GRCm39	chromosome	15	73043156	73055888	-1	testis_NOD_rep1-piC_309	23874
Mus musculus	reference (CL57BL6) strain	GRCm39	chromosome	15	73589791	73598642	-1	testis_NOD_rep1-piC_310	24860
Mus musculus	reference (CL57BL6) strain	GRCm39	chromosome	15	75493598	75502833	1	testis_NOD_rep1-piC_311	12226
Mus musculus	reference (CL57BL6) strain	GRCm39	chromosome	15	78520678	78561667	-1	testis_NOD_rep1-piC_312	76620
Mus musculus	reference (CL57BL6) strain	GRCm39	chromosome	15	79807439	79850778	1	testis_NOD_rep1-piC_313	140710
Mus musculus	reference (CL57BL6) strain	GRCm39	chromosome	15	80131002	80141572	1	testis_NOD_rep1-piC_314	14051
Mus musculus	reference (CL57BL6) strain	GRCm39	chromosome	15	81335103	81342781	1	testis_NOD_rep1-piC_315	15422
Mus musculus	reference (CL57BL6) strain	GRCm39	chromosome	15	81706846	81710834	1	testis_NOD_rep1-piC_316	4634
Mus musculus	reference (CL57BL6) strain	GRCm39	chromosome	15	88858685	88870529	-1	testis_NOD_rep1-piC_317	36185
Mus musculus	reference (CL57BL6) strain	GRCm39	chromosome	15	100469666	100480392	-1	testis_NOD_rep1-piC_318	40981
Mus musculus	reference (CL57BL6) strain	GRCm39	chromosome	15	100713551	100721748	1	testis_NOD_rep1-piC_319	12561
Mus musculus	reference (CL57BL6) strain	GRCm39	chromosome	15	102337669	102346626	1	testis_NOD_rep1-piC_320	14321
Mus musculus	reference (CL57BL6) strain	GRCm39	chromosome	15	102437353	102442728	-1	testis_NOD_rep1-piC_321	6587
Mus musculus	reference (CL57BL6) strain	GRCm39	chromosome	15	103061848	103067770	-1	testis_NOD_rep1-piC_322	6769
Mus musculus	reference (CL57BL6) strain	GRCm39	chromosome	15	103097007	103109724	-1	testis_NOD_rep1-piC_323	14961
Mus musculus	reference (CL57BL6) strain	GRCm39	chromosome	16	13568759	13579113	1	testis_NOD_rep1-piC_324	82502
Mus musculus	reference (CL57BL6) strain	GRCm39	chromosome	16	16559326	16566595	-1	testis_NOD_rep1-piC_325	49316
Mus musculus	reference (CL57BL6) strain	GRCm39	chromosome	16	16567725	16572037	-1	testis_NOD_rep1-piC_325	24697
Mus musculus	reference (CL57BL6) strain	GRCm39	chromosome	16	17048493	17058904	1	testis_NOD_rep1-piC_326	31557
Mus musculus	reference (CL57BL6) strain	GRCm39	chromosome	16	18316468	18330113	1	testis_NOD_rep1-piC_327	35397
Mus musculus	reference (CL57BL6) strain	GRCm39	chromosome	16	31778657	31783134	-1	testis_NOD_rep1-piC_328	5908
Mus musculus	reference (CL57BL6) strain	GRCm39	chromosome	16	43785458	43789763	-1	testis_NOD_rep1-piC_329	7234
Mus musculus	reference (CL57BL6) strain	GRCm39	chromosome	16	46206743	46216489	-1	testis_NOD_rep1-piC_330	11723
Mus musculus	reference (CL57BL6) strain	GRCm39	chromosome	16	69700248	69704330	1	testis_NOD_rep1-piC_332	9239
Mus musculus	reference (CL57BL6) strain	GRCm39	chromosome	16	95794764	95802693	-1	testis_NOD_rep1-piC_333	10875
Mus musculus	reference (CL57BL6) strain	GRCm39	chromosome	17	3250659	3257292	1	testis_NOD_rep1-piC_334	18724
Mus musculus	reference (CL57BL6) strain	GRCm39	chromosome	17	24292899	24297560	-1	testis_NOD_rep1-piC_335	5208
Mus musculus	reference (CL57BL6) strain	GRCm39	chromosome	17	27489772	27493294	-1	testis_NOD_rep1-piC_337	46462
Mus musculus	reference (CL57BL6) strain	GRCm39	chromosome	17	27790803	27797654	1	testis_NOD_rep1-piC_340	33477
Mus musculus	reference (CL57BL6) strain	GRCm39	chromosome	17	30795340	30799189	1	testis_NOD_rep1-piC_341	9993
Mus musculus	reference (CL57BL6) strain	GRCm39	chromosome	17	33856784	33869273	-1	testis_NOD_rep1-piC_343	34205
Mus musculus	reference (CL57BL6) strain	GRCm39	chromosome	17	46481056	46485719	-1	testis_NOD_rep1-piC_344	29622
Mus musculus	reference (CL57BL6) strain	GRCm39	chromosome	17	66082646	66087372	-1	testis_NOD_rep1-piC_346	15678
Mus musculus	reference (CL57BL6) strain	GRCm39	chromosome	17	66470527	66478972	-1	testis_NOD_rep1-piC_347	104488
Mus musculus	reference (CL57BL6) strain	GRCm39	chromosome	18	9312371	9317082	-1	testis_NOD_rep1-piC_350	5043
Mus musculus	reference (CL57BL6) strain	GRCm39	chromosome	18	10812012	10817652	1	testis_NOD_rep1-piC_351	6748
Mus musculus	reference (CL57BL6) strain	GRCm39	chromosome	18	24092938	24099082	1	testis_NOD_rep1-piC_352	11941
Mus musculus	reference (CL57BL6) strain	GRCm39	chromosome	18	64622334	64631375	1	testis_NOD_rep1-piC_354	29529
Mus musculus	reference (CL57BL6) strain	GRCm39	chromosome	18	67158566	67207960	-1	testis_NOD_rep1-piC_355	232621
Mus musculus	reference (CL57BL6) strain	GRCm39	chromosome	18	67208338	67231348	1	testis_NOD_rep1-piC_356	135058
Mus musculus	reference (CL57BL6) strain	GRCm39	chromosome	18	67231349	67239021	1	testis_NOD_rep1-piC_356	31570
Mus musculus	reference (CL57BL6) strain	GRCm39	chromosome	18	76439669	76444437	1	testis_NOD_rep1-piC_357	8055
Mus musculus	reference (CL57BL6) strain	GRCm39	chromosome	18	77058402	77062936	1	testis_NOD_rep1-piC_358	5844
Mus musculus	reference (CL57BL6) strain	GRCm39	chromosome	18	77062937	77064008	1	testis_NOD_rep1-piC_358	1620
Mus musculus	reference (CL57BL6) strain	GRCm39	chromosome	19	4826753	4856426	-1	testis_NOD_rep1-piC_359	68839
Mus musculus	reference (CL57BL6) strain	GRCm39	chromosome	19	6350787	6356326	-1	testis_NOD_rep1-piC_360	10772
Mus musculus	reference (CL57BL6) strain	GRCm39	chromosome	19	7250766	7255454	-1	testis_NOD_rep1-piC_361	6879
Mus musculus	reference (CL57BL6) strain	GRCm39	chromosome	19	12743564	12748453	-1	testis_NOD_rep1-piC_362	10115
Mus musculus	reference (CL57BL6) strain	GRCm39	chromosome	19	23697432	23705227	1	testis_NOD_rep1-piC_363	9589
Mus musculus	reference (CL57BL6) strain	GRCm39	chromosome	19	31895772	31909162	-1	testis_NOD_rep1-piC_364	59543
Mus musculus	reference (CL57BL6) strain	GRCm39	chromosome	19	37231210	37242715	-1	testis_NOD_rep1-piC_365	48725
Mus musculus	reference (CL57BL6) strain	GRCm39	chromosome	19	44557843	44566690	1	testis_NOD_rep1-piC_366	14789
Mus musculus	reference (CL57BL6) strain	GRCm39	chromosome	19	58860524	58874290	1	testis_NOD_rep1-piC_367	27683
