Mus musculus	reference (CL57BL6) strain	GRCm39	chromosome	1	34852384	34859011	-1	testis_BL6_rep1-piC_1	12623
Mus musculus	reference (CL57BL6) strain	GRCm39	chromosome	1	57387168	57399821	-1	testis_BL6_rep1-piC_2	22851
Mus musculus	reference (CL57BL6) strain	GRCm39	chromosome	1	91470867	91487763	1	testis_BL6_rep1-piC_3	41842
Mus musculus	reference (CL57BL6) strain	GRCm39	chromosome	1	92905234	92929601	-1	testis_BL6_rep1-piC_4	46519
Mus musculus	reference (CL57BL6) strain	GRCm39	chromosome	1	118604901	118614219	1	testis_BL6_rep1-piC_5	15148
Mus musculus	reference (CL57BL6) strain	GRCm39	chromosome	1	119471951	119478744	-1	testis_BL6_rep1-piC_6	8966
Mus musculus	reference (CL57BL6) strain	GRCm39	chromosome	1	127410266	127415866	1	testis_BL6_rep1-piC_7	9198
Mus musculus	reference (CL57BL6) strain	GRCm39	chromosome	1	131948930	131960301	1	testis_BL6_rep1-piC_8	20127
Mus musculus	reference (CL57BL6) strain	GRCm39	chromosome	1	133057967	133060433	1	testis_BL6_rep1-piC_9	3063
Mus musculus	reference (CL57BL6) strain	GRCm39	chromosome	1	133060434	133068754	1	testis_BL6_rep1-piC_9	28444
Mus musculus	reference (CL57BL6) strain	GRCm39	chromosome	1	134682779	134687682	-1	testis_BL6_rep1-piC_10	6348
Mus musculus	reference (CL57BL6) strain	GRCm39	chromosome	1	136160209	136161466	1	testis_BL6_rep1-piC_11	1883
Mus musculus	reference (CL57BL6) strain	GRCm39	chromosome	1	136161467	136168739	1	testis_BL6_rep1-piC_11	20832
Mus musculus	reference (CL57BL6) strain	GRCm39	chromosome	1	139096573	139103770	1	testis_BL6_rep1-piC_12	11399
Mus musculus	reference (CL57BL6) strain	GRCm39	chromosome	1	155151780	155156732	-1	testis_BL6_rep1-piC_13	5656
Mus musculus	reference (CL57BL6) strain	GRCm39	chromosome	1	156252738	156259904	-1	testis_BL6_rep1-piC_14	16469
Mus musculus	reference (CL57BL6) strain	GRCm39	chromosome	1	156468605	156479874	1	testis_BL6_rep1-piC_15	27512
Mus musculus	reference (CL57BL6) strain	GRCm39	chromosome	1	160793327	160804511	1	testis_BL6_rep1-piC_16	32612
Mus musculus	reference (CL57BL6) strain	GRCm39	chromosome	1	160834577	160841454	-1	testis_BL6_rep1-piC_17	12634
Mus musculus	reference (CL57BL6) strain	GRCm39	chromosome	1	165692176	165705120	-1	testis_BL6_rep1-piC_18	14804
Mus musculus	reference (CL57BL6) strain	GRCm39	chromosome	1	170021091	170027530	-1	testis_BL6_rep1-piC_19	7078
Mus musculus	reference (CL57BL6) strain	GRCm39	chromosome	1	172202916	172211516	1	testis_BL6_rep1-piC_20	19089
Mus musculus	reference (CL57BL6) strain	GRCm39	chromosome	2	25872974	25879977	1	testis_BL6_rep1-piC_22	24293
Mus musculus	reference (CL57BL6) strain	GRCm39	chromosome	2	28709377	28719306	-1	testis_BL6_rep1-piC_23	22040
Mus musculus	reference (CL57BL6) strain	GRCm39	chromosome	2	33298253	33303357	-1	testis_BL6_rep1-piC_24	5436
Mus musculus	reference (CL57BL6) strain	GRCm39	chromosome	2	37458628	37472912	-1	testis_BL6_rep1-piC_25	29788
Mus musculus	reference (CL57BL6) strain	GRCm39	chromosome	2	84419899	84429373	-1	testis_BL6_rep1-piC_26	13719
Mus musculus	reference (CL57BL6) strain	GRCm39	chromosome	2	91093765	91113288	1	testis_BL6_rep1-piC_27	72667
Mus musculus	reference (CL57BL6) strain	GRCm39	chromosome	2	92360372	92446372	1	testis_BL6_rep1-piC_28	200695
Mus musculus	reference (CL57BL6) strain	GRCm39	chromosome	2	92879356	92886931	1	testis_BL6_rep1-piC_29	22429
Mus musculus	reference (CL57BL6) strain	GRCm39	chromosome	2	93798347	93815512	1	testis_BL6_rep1-piC_31	49391
Mus musculus	reference (CL57BL6) strain	GRCm39	chromosome	2	102130495	102134822	-1	testis_BL6_rep1-piC_32	4700
Mus musculus	reference (CL57BL6) strain	GRCm39	chromosome	2	127096922	127104827	1	testis_BL6_rep1-piC_33	17232
Mus musculus	reference (CL57BL6) strain	GRCm39	chromosome	2	127532272	127548137	1	testis_BL6_rep1-piC_34	53984
Mus musculus	reference (CL57BL6) strain	GRCm39	chromosome	2	129667940	129674306	1	testis_BL6_rep1-piC_35	16160
Mus musculus	reference (CL57BL6) strain	GRCm39	chromosome	2	132146921	132153855	1	testis_BL6_rep1-piC_36	9028
Mus musculus	reference (CL57BL6) strain	GRCm39	chromosome	2	150978920	151003947	1	testis_BL6_rep1-piC_37	32153
Mus musculus	reference (CL57BL6) strain	GRCm39	chromosome	2	151146567	151175640	1	testis_BL6_rep1-piC_37	32153
Mus musculus	reference (CL57BL6) strain	GRCm39	chromosome	2	151089009	151118128	-1	testis_BL6_rep1-piC_37	32153
Mus musculus	reference (CL57BL6) strain	GRCm39	chromosome	2	150981705	151010244	1	testis_BL6_rep1-piC_38	44465
Mus musculus	reference (CL57BL6) strain	GRCm39	chromosome	2	151155654	151192487	1	testis_BL6_rep1-piC_38	44465
Mus musculus	reference (CL57BL6) strain	GRCm39	chromosome	2	151086139	151109036	-1	testis_BL6_rep1-piC_38	44465
Mus musculus	reference (CL57BL6) strain	GRCm39	chromosome	2	150981809	151009027	1	testis_BL6_rep1-piC_39	34453
Mus musculus	reference (CL57BL6) strain	GRCm39	chromosome	2	151156025	151182850	1	testis_BL6_rep1-piC_39	34453
Mus musculus	reference (CL57BL6) strain	GRCm39	chromosome	2	151088900	151108665	-1	testis_BL6_rep1-piC_39	34453
Mus musculus	reference (CL57BL6) strain	GRCm39	chromosome	2	153069927	153075740	-1	testis_BL6_rep1-piC_41	10290
Mus musculus	reference (CL57BL6) strain	GRCm39	chromosome	2	153106281	153115464	1	testis_BL6_rep1-piC_42	41326
Mus musculus	reference (CL57BL6) strain	GRCm39	chromosome	2	153609001	153616173	1	testis_BL6_rep1-piC_43	19485
Mus musculus	reference (CL57BL6) strain	GRCm39	chromosome	2	158480329	158488923	1	testis_BL6_rep1-piC_44	24314
Mus musculus	reference (CL57BL6) strain	GRCm39	chromosome	2	160604003	160613430	-1	testis_BL6_rep1-piC_45	10368
Mus musculus	reference (CL57BL6) strain	GRCm39	chromosome	2	167353161	167357944	1	testis_BL6_rep1-piC_47	8179
Mus musculus	reference (CL57BL6) strain	GRCm39	chromosome	3	9345092	9351982	1	testis_BL6_rep1-piC_48	11587
Mus musculus	reference (CL57BL6) strain	GRCm39	chromosome	3	20505166	20526946	-1	testis_BL6_rep1-piC_49	45843
Mus musculus	reference (CL57BL6) strain	GRCm39	chromosome	3	28907161	28926176	-1	testis_BL6_rep1-piC_50	120838
Mus musculus	reference (CL57BL6) strain	GRCm39	chromosome	3	32389022	32395590	-1	testis_BL6_rep1-piC_51	16915
Mus musculus	reference (CL57BL6) strain	GRCm39	chromosome	3	32552219	32564502	1	testis_BL6_rep1-piC_52	46374
Mus musculus	reference (CL57BL6) strain	GRCm39	chromosome	3	34498334	34509999	-1	testis_BL6_rep1-piC_53	14162
Mus musculus	reference (CL57BL6) strain	GRCm39	chromosome	3	34921018	34935097	1	testis_BL6_rep1-piC_54	31726
Mus musculus	reference (CL57BL6) strain	GRCm39	chromosome	3	49050566	49056371	1	testis_BL6_rep1-piC_55	30840
Mus musculus	reference (CL57BL6) strain	GRCm39	chromosome	3	49083862	49089412	1	testis_BL6_rep1-piC_56	19340
Mus musculus	reference (CL57BL6) strain	GRCm39	chromosome	3	68973656	68980956	-1	testis_BL6_rep1-piC_57	12075
Mus musculus	reference (CL57BL6) strain	GRCm39	chromosome	3	88826130	88831193	-1	testis_BL6_rep1-piC_58	24247
Mus musculus	reference (CL57BL6) strain	GRCm39	chromosome	3	93230121	93243209	-1	testis_BL6_rep1-piC_59	92980
Mus musculus	reference (CL57BL6) strain	GRCm39	chromosome	3	94402449	94410885	-1	testis_BL6_rep1-piC_60	9812
Mus musculus	reference (CL57BL6) strain	GRCm39	chromosome	3	95089126	95096490	-1	testis_BL6_rep1-piC_61	12154
Mus musculus	reference (CL57BL6) strain	GRCm39	chromosome	3	108264957	108269079	1	testis_BL6_rep1-piC_62	5958
Mus musculus	reference (CL57BL6) strain	GRCm39	chromosome	3	124192085	124215117	-1	testis_BL6_rep1-piC_63	50300
Mus musculus	reference (CL57BL6) strain	GRCm39	chromosome	3	137612761	137620422	1	testis_BL6_rep1-piC_64	14105
Mus musculus	reference (CL57BL6) strain	GRCm39	chromosome	4	45372691	45374745	1	testis_BL6_rep1-piC_65	2302
Mus musculus	reference (CL57BL6) strain	GRCm39	chromosome	4	45374746	45381721	1	testis_BL6_rep1-piC_65	18526
Mus musculus	reference (CL57BL6) strain	GRCm39	chromosome	4	45396252	45400989	-1	testis_BL6_rep1-piC_66	33577
Mus musculus	reference (CL57BL6) strain	GRCm39	chromosome	4	56867093	56878001	-1	testis_BL6_rep1-piC_67	44782
Mus musculus	reference (CL57BL6) strain	GRCm39	chromosome	4	57352199	57371006	-1	testis_BL6_rep1-piC_68	122788
Mus musculus	reference (CL57BL6) strain	GRCm39	chromosome	4	59766937	59778825	-1	testis_BL6_rep1-piC_69	37396
Mus musculus	reference (CL57BL6) strain	GRCm39	chromosome	4	94163781	94219738	-1	testis_BL6_rep1-piC_71	120465
Mus musculus	reference (CL57BL6) strain	GRCm39	chromosome	4	94219739	94227008	-1	testis_BL6_rep1-piC_71	47944
Mus musculus	reference (CL57BL6) strain	GRCm39	chromosome	4	97511350	97521239	-1	testis_BL6_rep1-piC_72	13048
Mus musculus	reference (CL57BL6) strain	GRCm39	chromosome	4	108084220	108095026	-1	testis_BL6_rep1-piC_73	26754
Mus musculus	reference (CL57BL6) strain	GRCm39	chromosome	4	119076253	119084923	-1	testis_BL6_rep1-piC_74	36636
Mus musculus	reference (CL57BL6) strain	GRCm39	chromosome	4	120766073	120772875	-1	testis_BL6_rep1-piC_75	21864
Mus musculus	reference (CL57BL6) strain	GRCm39	chromosome	4	123722825	123748703	-1	testis_BL6_rep1-piC_76	173631
Mus musculus	reference (CL57BL6) strain	GRCm39	chromosome	4	123776460	123792986	-1	testis_BL6_rep1-piC_77	88701
Mus musculus	reference (CL57BL6) strain	GRCm39	chromosome	4	126226901	126233811	-1	testis_BL6_rep1-piC_78	14685
Mus musculus	reference (CL57BL6) strain	GRCm39	chromosome	4	128470962	128480563	-1	testis_BL6_rep1-piC_79	21825
Mus musculus	reference (CL57BL6) strain	GRCm39	chromosome	4	135349561	135361876	1	testis_BL6_rep1-piC_82	30480
Mus musculus	reference (CL57BL6) strain	GRCm39	chromosome	4	147303627	147311986	-1	testis_BL6_rep1-piC_83	8360
Mus musculus	reference (CL57BL6) strain	GRCm39	chromosome	4	148160570	148166188	-1	testis_BL6_rep1-piC_84	15828
Mus musculus	reference (CL57BL6) strain	GRCm39	chromosome	4	155797805	155803383	1	testis_BL6_rep1-piC_85	15036
Mus musculus	reference (CL57BL6) strain	GRCm39	chromosome	5	29986128	29991882	1	testis_BL6_rep1-piC_86	29422
Mus musculus	reference (CL57BL6) strain	GRCm39	chromosome	5	31331716	31339341	-1	testis_BL6_rep1-piC_87	17993
Mus musculus	reference (CL57BL6) strain	GRCm39	chromosome	5	33394366	33403369	1	testis_BL6_rep1-piC_88	25722
Mus musculus	reference (CL57BL6) strain	GRCm39	chromosome	5	35707355	35714338	-1	testis_BL6_rep1-piC_90	14942
Mus musculus	reference (CL57BL6) strain	GRCm39	chromosome	5	101979940	101987535	-1	testis_BL6_rep1-piC_91	18826
Mus musculus	reference (CL57BL6) strain	GRCm39	chromosome	5	114969195	114979165	-1	testis_BL6_rep1-piC_93	89740
Mus musculus	reference (CL57BL6) strain	GRCm39	chromosome	5	114979166	114997076	-1	testis_BL6_rep1-piC_93	375184
Mus musculus	reference (CL57BL6) strain	GRCm39	chromosome	5	115278240	115288966	-1	testis_BL6_rep1-piC_94	30220
Mus musculus	reference (CL57BL6) strain	GRCm39	chromosome	5	124505304	124514339	-1	testis_BL6_rep1-piC_95	22794
Mus musculus	reference (CL57BL6) strain	GRCm39	chromosome	5	124624378	124635017	1	testis_BL6_rep1-piC_96	25403
Mus musculus	reference (CL57BL6) strain	GRCm39	chromosome	5	125551317	125558606	1	testis_BL6_rep1-piC_97	10351
Mus musculus	reference (CL57BL6) strain	GRCm39	chromosome	5	130011048	130018055	1	testis_BL6_rep1-piC_98	38170
Mus musculus	reference (CL57BL6) strain	GRCm39	chromosome	5	135184528	135196858	1	testis_BL6_rep1-piC_100	30828
Mus musculus	reference (CL57BL6) strain	GRCm39	chromosome	5	136292990	136305806	-1	testis_BL6_rep1-piC_101	29167
Mus musculus	reference (CL57BL6) strain	GRCm39	chromosome	5	142648792	142655704	1	testis_BL6_rep1-piC_103	8210
Mus musculus	reference (CL57BL6) strain	GRCm39	chromosome	5	142852827	142858478	-1	testis_BL6_rep1-piC_104	8481
Mus musculus	reference (CL57BL6) strain	GRCm39	chromosome	5	143299505	143311670	-1	testis_BL6_rep1-piC_105	23303
Mus musculus	reference (CL57BL6) strain	GRCm39	chromosome	5	143744026	143767769	1	testis_BL6_rep1-piC_106	96534
Mus musculus	reference (CL57BL6) strain	GRCm39	chromosome	5	149710121	149734571	-1	testis_BL6_rep1-piC_108	43032
Mus musculus	reference (CL57BL6) strain	GRCm39	chromosome	5	149734572	149759354	-1	testis_BL6_rep1-piC_108	92900
Mus musculus	reference (CL57BL6) strain	GRCm39	chromosome	6	30449510	30456023	1	testis_BL6_rep1-piC_109	8630
Mus musculus	reference (CL57BL6) strain	GRCm39	chromosome	6	38479355	38489674	1	testis_BL6_rep1-piC_110	20615
Mus musculus	reference (CL57BL6) strain	GRCm39	chromosome	6	38585103	38589902	1	testis_BL6_rep1-piC_111	34260
Mus musculus	reference (CL57BL6) strain	GRCm39	chromosome	6	38664554	38675041	-1	testis_BL6_rep1-piC_112	25616
Mus musculus	reference (CL57BL6) strain	GRCm39	chromosome	6	39578619	39589873	-1	testis_BL6_rep1-piC_113	13833
Mus musculus	reference (CL57BL6) strain	GRCm39	chromosome	6	54617792	54622693	1	testis_BL6_rep1-piC_114	16952
Mus musculus	reference (CL57BL6) strain	GRCm39	chromosome	6	81870199	81891769	-1	testis_BL6_rep1-piC_115	76886
Mus musculus	reference (CL57BL6) strain	GRCm39	chromosome	6	83317160	83323958	1	testis_BL6_rep1-piC_116	36402
Mus musculus	reference (CL57BL6) strain	GRCm39	chromosome	6	83558299	83559615	1	testis_BL6_rep1-piC_117	18394
Mus musculus	reference (CL57BL6) strain	GRCm39	chromosome	6	83559616	83570096	1	testis_BL6_rep1-piC_117	97291
Mus musculus	reference (CL57BL6) strain	GRCm39	chromosome	6	83691139	83696442	1	testis_BL6_rep1-piC_118	9546
Mus musculus	reference (CL57BL6) strain	GRCm39	chromosome	6	83783069	83787791	-1	testis_BL6_rep1-piC_119	12803
Mus musculus	reference (CL57BL6) strain	GRCm39	chromosome	6	85082192	85096991	-1	testis_BL6_rep1-piC_120	81198
Mus musculus	reference (CL57BL6) strain	GRCm39	chromosome	6	85956078	85981508	-1	testis_BL6_rep1-piC_122	141364
Mus musculus	reference (CL57BL6) strain	GRCm39	chromosome	6	87007041	87021974	-1	testis_BL6_rep1-piC_123	67306
Mus musculus	reference (CL57BL6) strain	GRCm39	chromosome	6	87917998	87978935	-1	testis_BL6_rep1-piC_124	291160
Mus musculus	reference (CL57BL6) strain	GRCm39	chromosome	6	92143091	92151367	1	testis_BL6_rep1-piC_125	46093
Mus musculus	reference (CL57BL6) strain	GRCm39	chromosome	6	112592964	112597817	-1	testis_BL6_rep1-piC_126	18923
Mus musculus	reference (CL57BL6) strain	GRCm39	chromosome	6	113691980	113696968	1	testis_BL6_rep1-piC_127	7285
Mus musculus	reference (CL57BL6) strain	GRCm39	chromosome	6	120860964	120872790	1	testis_BL6_rep1-piC_128	16712
Mus musculus	reference (CL57BL6) strain	GRCm39	chromosome	6	128155282	128180877	-1	testis_BL6_rep1-piC_130	279506
Mus musculus	reference (CL57BL6) strain	GRCm39	chromosome	6	128415391	128430742	1	testis_BL6_rep1-piC_131	46259
Mus musculus	reference (CL57BL6) strain	GRCm39	chromosome	6	136582686	136590937	1	testis_BL6_rep1-piC_132	14000
Mus musculus	reference (CL57BL6) strain	GRCm39	chromosome	6	140537749	140543088	1	testis_BL6_rep1-piC_133	16311
Mus musculus	reference (CL57BL6) strain	GRCm39	chromosome	6	148549498	148561250	-1	testis_BL6_rep1-piC_134	45032
Mus musculus	reference (CL57BL6) strain	GRCm39	chromosome	7	6619094	6628022	-1	testis_BL6_rep1-piC_135	82693
Mus musculus	reference (CL57BL6) strain	GRCm39	chromosome	7	25318983	25327074	1	testis_BL6_rep1-piC_136	11582
Mus musculus	reference (CL57BL6) strain	GRCm39	chromosome	7	27374482	27387328	1	testis_BL6_rep1-piC_137	61928
Mus musculus	reference (CL57BL6) strain	GRCm39	chromosome	7	27887907	27897060	1	testis_BL6_rep1-piC_138	20444
Mus musculus	reference (CL57BL6) strain	GRCm39	chromosome	7	40925489	40945348	-1	testis_BL6_rep1-piC_141	215268
Mus musculus	reference (CL57BL6) strain	GRCm39	chromosome	7	42844532	42849397	1	testis_BL6_rep1-piC_142	9269
Mus musculus	reference (CL57BL6) strain	GRCm39	chromosome	7	45429500	45433436	-1	testis_BL6_rep1-piC_143	15931
Mus musculus	reference (CL57BL6) strain	GRCm39	chromosome	7	45481577	45483828	1	testis_BL6_rep1-piC_144	2289
Mus musculus	reference (CL57BL6) strain	GRCm39	chromosome	7	45483829	45491393	1	testis_BL6_rep1-piC_144	22553
Mus musculus	reference (CL57BL6) strain	GRCm39	chromosome	7	52535006	52549752	1	testis_BL6_rep1-piC_145	96859
Mus musculus	reference (CL57BL6) strain	GRCm39	chromosome	7	73396542	73404289	-1	testis_BL6_rep1-piC_148	18583
Mus musculus	reference (CL57BL6) strain	GRCm39	chromosome	7	73408802	73414522	-1	testis_BL6_rep1-piC_149	27860
Mus musculus	reference (CL57BL6) strain	GRCm39	chromosome	7	75418357	75431573	-1	testis_BL6_rep1-piC_151	42105
Mus musculus	reference (CL57BL6) strain	GRCm39	chromosome	7	79009705	79015133	1	testis_BL6_rep1-piC_152	6907
Mus musculus	reference (CL57BL6) strain	GRCm39	chromosome	7	80857785	80864772	-1	testis_BL6_rep1-piC_153	29339
Mus musculus	reference (CL57BL6) strain	GRCm39	chromosome	7	81536788	81543667	-1	testis_BL6_rep1-piC_154	9389
Mus musculus	reference (CL57BL6) strain	GRCm39	chromosome	7	99569462	99576827	-1	testis_BL6_rep1-piC_155	8602
Mus musculus	reference (CL57BL6) strain	GRCm39	chromosome	7	121156275	121163513	-1	testis_BL6_rep1-piC_157	8824
Mus musculus	reference (CL57BL6) strain	GRCm39	chromosome	7	121675328	121683856	1	testis_BL6_rep1-piC_158	16097
Mus musculus	reference (CL57BL6) strain	GRCm39	chromosome	7	124920483	124938045	-1	testis_BL6_rep1-piC_159	29039
Mus musculus	reference (CL57BL6) strain	GRCm39	chromosome	7	132309754	132318612	-1	testis_BL6_rep1-piC_161	31087
Mus musculus	reference (CL57BL6) strain	GRCm39	chromosome	8	22557970	22562359	1	testis_BL6_rep1-piC_162	6554
Mus musculus	reference (CL57BL6) strain	GRCm39	chromosome	8	23083357	23090836	1	testis_BL6_rep1-piC_163	15438
Mus musculus	reference (CL57BL6) strain	GRCm39	chromosome	8	23710260	23717332	-1	testis_BL6_rep1-piC_164	35760
Mus musculus	reference (CL57BL6) strain	GRCm39	chromosome	8	25644583	25644634	-1	testis_BL6_rep1-piC_165	52
Mus musculus	reference (CL57BL6) strain	GRCm39	chromosome	8	25644928	25649834	-1	testis_BL6_rep1-piC_165	6050
Mus musculus	reference (CL57BL6) strain	GRCm39	chromosome	8	34396052	34404743	-1	testis_BL6_rep1-piC_166	26198
Mus musculus	reference (CL57BL6) strain	GRCm39	chromosome	8	66964456	66971842	1	testis_BL6_rep1-piC_167	12864
Mus musculus	reference (CL57BL6) strain	GRCm39	chromosome	8	70275830	70279270	1	testis_BL6_rep1-piC_168	4614
Mus musculus	reference (CL57BL6) strain	GRCm39	chromosome	8	70279271	70286365	1	testis_BL6_rep1-piC_168	24036
Mus musculus	reference (CL57BL6) strain	GRCm39	chromosome	8	71394760	71404389	-1	testis_BL6_rep1-piC_169	29234
Mus musculus	reference (CL57BL6) strain	GRCm39	chromosome	8	71408713	71414394	-1	testis_BL6_rep1-piC_170	30097
Mus musculus	reference (CL57BL6) strain	GRCm39	chromosome	8	86574845	86581916	-1	testis_BL6_rep1-piC_171	11744
Mus musculus	reference (CL57BL6) strain	GRCm39	chromosome	8	92916004	92928770	1	testis_BL6_rep1-piC_172	34768
Mus musculus	reference (CL57BL6) strain	GRCm39	chromosome	8	94134368	94154003	-1	testis_BL6_rep1-piC_173	29124
Mus musculus	reference (CL57BL6) strain	GRCm39	chromosome	8	94739725	94746324	-1	testis_BL6_rep1-piC_174	20682
Mus musculus	reference (CL57BL6) strain	GRCm39	chromosome	8	96535693	96540553	1	testis_BL6_rep1-piC_175	23668
Mus musculus	reference (CL57BL6) strain	GRCm39	chromosome	8	105075034	105084496	-1	testis_BL6_rep1-piC_176	11607
Mus musculus	reference (CL57BL6) strain	GRCm39	chromosome	8	107737937	107748257	1	testis_BL6_rep1-piC_177	26515
Mus musculus	reference (CL57BL6) strain	GRCm39	chromosome	8	110450822	110461530	-1	testis_BL6_rep1-piC_178	28284
Mus musculus	reference (CL57BL6) strain	GRCm39	chromosome	8	110841829	110849249	1	testis_BL6_rep1-piC_179	23863
Mus musculus	reference (CL57BL6) strain	GRCm39	chromosome	8	110849250	110860235	1	testis_BL6_rep1-piC_179	42660
Mus musculus	reference (CL57BL6) strain	GRCm39	chromosome	8	111725845	111738574	-1	testis_BL6_rep1-piC_180	87207
Mus musculus	reference (CL57BL6) strain	GRCm39	chromosome	8	111857955	111869408	1	testis_BL6_rep1-piC_181	39832
Mus musculus	reference (CL57BL6) strain	GRCm39	chromosome	8	117929753	117945663	1	testis_BL6_rep1-piC_182	34092
Mus musculus	reference (CL57BL6) strain	GRCm39	chromosome	9	3178779	3190807	-1	testis_BL6_rep1-piC_183	12803
Mus musculus	reference (CL57BL6) strain	GRCm39	chromosome	9	3211023	3216030	1	testis_BL6_rep1-piC_184	5709
Mus musculus	reference (CL57BL6) strain	GRCm39	chromosome	9	3385532	3387882	1	testis_BL6_rep1-piC_185	3020
Mus musculus	reference (CL57BL6) strain	GRCm39	chromosome	9	3387883	3391094	1	testis_BL6_rep1-piC_185	5226
Mus musculus	reference (CL57BL6) strain	GRCm39	chromosome	9	14237321	14244260	1	testis_BL6_rep1-piC_186	9123
Mus musculus	reference (CL57BL6) strain	GRCm39	chromosome	9	27258034	27266300	1	testis_BL6_rep1-piC_187	12704
Mus musculus	reference (CL57BL6) strain	GRCm39	chromosome	9	30977957	30987117	1	testis_BL6_rep1-piC_188	19868
Mus musculus	reference (CL57BL6) strain	GRCm39	chromosome	9	37178475	37191007	-1	testis_BL6_rep1-piC_190	89194
Mus musculus	reference (CL57BL6) strain	GRCm39	chromosome	9	54184558	54196276	1	testis_BL6_rep1-piC_195	40464
Mus musculus	reference (CL57BL6) strain	GRCm39	chromosome	9	88910688	88948398	-1	testis_BL6_rep1-piC_197	267807
Mus musculus	reference (CL57BL6) strain	GRCm39	chromosome	9	88482137	88513313	1	testis_BL6_rep1-piC_197	267807
Mus musculus	reference (CL57BL6) strain	GRCm39	chromosome	9	88910475	88924663	-1	testis_BL6_rep1-piC_198	96686
Mus musculus	reference (CL57BL6) strain	GRCm39	chromosome	9	88501574	88513781	1	testis_BL6_rep1-piC_198	96686
Mus musculus	reference (CL57BL6) strain	GRCm39	chromosome	9	107423179	107429851	1	testis_BL6_rep1-piC_200	9233
Mus musculus	reference (CL57BL6) strain	GRCm39	chromosome	9	107920447	107929024	1	testis_BL6_rep1-piC_201	24111
Mus musculus	reference (CL57BL6) strain	GRCm39	chromosome	9	114557386	114567901	1	testis_BL6_rep1-piC_202	41960
Mus musculus	reference (CL57BL6) strain	GRCm39	chromosome	9	114572681	114580886	1	testis_BL6_rep1-piC_203	24389
Mus musculus	reference (CL57BL6) strain	GRCm39	chromosome	9	122602453	122636462	-1	testis_BL6_rep1-piC_205	68214
Mus musculus	reference (CL57BL6) strain	GRCm39	chromosome	10	18665230	18710186	-1	testis_BL6_rep1-piC_206	149696
Mus musculus	reference (CL57BL6) strain	GRCm39	chromosome	10	23335217	23340844	1	testis_BL6_rep1-piC_207	33519
Mus musculus	reference (CL57BL6) strain	GRCm39	chromosome	10	34173441	34177564	1	testis_BL6_rep1-piC_208	4760
Mus musculus	reference (CL57BL6) strain	GRCm39	chromosome	10	40352205	40361474	1	testis_BL6_rep1-piC_209	17427
Mus musculus	reference (CL57BL6) strain	GRCm39	chromosome	10	41926665	41932845	-1	testis_BL6_rep1-piC_210	48592
Mus musculus	reference (CL57BL6) strain	GRCm39	chromosome	10	61262632	61274234	-1	testis_BL6_rep1-piC_211	38944
Mus musculus	reference (CL57BL6) strain	GRCm39	chromosome	10	62342718	62351723	1	testis_BL6_rep1-piC_212	26386
Mus musculus	reference (CL57BL6) strain	GRCm39	chromosome	10	62485723	62495287	1	testis_BL6_rep1-piC_213	23692
Mus musculus	reference (CL57BL6) strain	GRCm39	chromosome	10	62495288	62543778	1	testis_BL6_rep1-piC_213	159938
Mus musculus	reference (CL57BL6) strain	GRCm39	chromosome	10	66511824	66547435	-1	testis_BL6_rep1-piC_214	243623
Mus musculus	reference (CL57BL6) strain	GRCm39	chromosome	10	75668292	75701208	1	testis_BL6_rep1-piC_215	154363
Mus musculus	reference (CL57BL6) strain	GRCm39	chromosome	10	75701209	75732844	1	testis_BL6_rep1-piC_215	135736
Mus musculus	reference (CL57BL6) strain	GRCm39	chromosome	10	78101017	78109551	-1	testis_BL6_rep1-piC_216	10439
Mus musculus	reference (CL57BL6) strain	GRCm39	chromosome	10	79685869	79690502	-1	testis_BL6_rep1-piC_217	6198
Mus musculus	reference (CL57BL6) strain	GRCm39	chromosome	10	80633844	80637296	1	testis_BL6_rep1-piC_219	6042
Mus musculus	reference (CL57BL6) strain	GRCm39	chromosome	10	80640014	80640380	1	testis_BL6_rep1-piC_219	537
Mus musculus	reference (CL57BL6) strain	GRCm39	chromosome	10	81247105	81254648	1	testis_BL6_rep1-piC_221	23801
Mus musculus	reference (CL57BL6) strain	GRCm39	chromosome	10	83222874	83227790	1	testis_BL6_rep1-piC_223	24497
Mus musculus	reference (CL57BL6) strain	GRCm39	chromosome	10	84320139	84340813	1	testis_BL6_rep1-piC_224	63740
Mus musculus	reference (CL57BL6) strain	GRCm39	chromosome	10	85570886	85596262	1	testis_BL6_rep1-piC_225	350828
Mus musculus	reference (CL57BL6) strain	GRCm39	chromosome	10	85596263	85621842	1	testis_BL6_rep1-piC_225	418370
Mus musculus	reference (CL57BL6) strain	GRCm39	chromosome	10	85642958	85649880	1	testis_BL6_rep1-piC_226	47410
Mus musculus	reference (CL57BL6) strain	GRCm39	chromosome	10	85681991	85692895	-1	testis_BL6_rep1-piC_227	149343
Mus musculus	reference (CL57BL6) strain	GRCm39	chromosome	10	112761370	112766815	-1	testis_BL6_rep1-piC_230	6415
Mus musculus	reference (CL57BL6) strain	GRCm39	chromosome	10	127524102	127536895	1	testis_BL6_rep1-piC_231	28219
Mus musculus	reference (CL57BL6) strain	GRCm39	chromosome	10	128272344	128281899	1	testis_BL6_rep1-piC_232	26845
Mus musculus	reference (CL57BL6) strain	GRCm39	chromosome	11	6417958	6424701	-1	testis_BL6_rep1-piC_233	10235
Mus musculus	reference (CL57BL6) strain	GRCm39	chromosome	11	8943558	8948754	-1	testis_BL6_rep1-piC_234	14683
Mus musculus	reference (CL57BL6) strain	GRCm39	chromosome	11	20597019	20602948	1	testis_BL6_rep1-piC_235	6694
Mus musculus	reference (CL57BL6) strain	GRCm39	chromosome	11	28285123	28290160	-1	testis_BL6_rep1-piC_236	44255
Mus musculus	reference (CL57BL6) strain	GRCm39	chromosome	11	53305857	53314757	1	testis_BL6_rep1-piC_237	10216
Mus musculus	reference (CL57BL6) strain	GRCm39	chromosome	11	55390484	55395546	1	testis_BL6_rep1-piC_238	14874
Mus musculus	reference (CL57BL6) strain	GRCm39	chromosome	11	61755056	61763809	-1	testis_BL6_rep1-piC_240	14862
Mus musculus	reference (CL57BL6) strain	GRCm39	chromosome	11	61763810	61764691	-1	testis_BL6_rep1-piC_240	4001
Mus musculus	reference (CL57BL6) strain	GRCm39	chromosome	11	62110118	62113772	1	testis_BL6_rep1-piC_241	18808
Mus musculus	reference (CL57BL6) strain	GRCm39	chromosome	11	72969784	72980660	1	testis_BL6_rep1-piC_243	23270
Mus musculus	reference (CL57BL6) strain	GRCm39	chromosome	11	74726090	74736824	1	testis_BL6_rep1-piC_244	16832
Mus musculus	reference (CL57BL6) strain	GRCm39	chromosome	11	75619833	75623912	-1	testis_BL6_rep1-piC_245	13580
Mus musculus	reference (CL57BL6) strain	GRCm39	chromosome	11	77344282	77353500	1	testis_BL6_rep1-piC_246	12760
Mus musculus	reference (CL57BL6) strain	GRCm39	chromosome	11	78728918	78735776	1	testis_BL6_rep1-piC_247	13374
Mus musculus	reference (CL57BL6) strain	GRCm39	chromosome	11	79580878	79589788	1	testis_BL6_rep1-piC_248	15922
Mus musculus	reference (CL57BL6) strain	GRCm39	chromosome	11	82764841	82774421	-1	testis_BL6_rep1-piC_249	43072
Mus musculus	reference (CL57BL6) strain	GRCm39	chromosome	11	88925545	88931640	-1	testis_BL6_rep1-piC_250	11310
Mus musculus	reference (CL57BL6) strain	GRCm39	chromosome	11	90367392	90371505	-1	testis_BL6_rep1-piC_251	19199
Mus musculus	reference (CL57BL6) strain	GRCm39	chromosome	11	95652237	95663455	1	testis_BL6_rep1-piC_252	16978
Mus musculus	reference (CL57BL6) strain	GRCm39	chromosome	11	97281913	97291143	1	testis_BL6_rep1-piC_253	18590
Mus musculus	reference (CL57BL6) strain	GRCm39	chromosome	11	98789557	98796792	1	testis_BL6_rep1-piC_254	19940
Mus musculus	reference (CL57BL6) strain	GRCm39	chromosome	11	98833919	98841450	1	testis_BL6_rep1-piC_255	21032
Mus musculus	reference (CL57BL6) strain	GRCm39	chromosome	11	100345621	100358658	-1	testis_BL6_rep1-piC_256	24250
Mus musculus	reference (CL57BL6) strain	GRCm39	chromosome	11	101142923	101150364	1	testis_BL6_rep1-piC_257	35535
Mus musculus	reference (CL57BL6) strain	GRCm39	chromosome	11	103309981	103341928	1	testis_BL6_rep1-piC_258	98038
Mus musculus	reference (CL57BL6) strain	GRCm39	chromosome	11	103341929	103345161	1	testis_BL6_rep1-piC_258	3253
Mus musculus	reference (CL57BL6) strain	GRCm39	chromosome	11	103563865	103570641	-1	testis_BL6_rep1-piC_259	29246
Mus musculus	reference (CL57BL6) strain	GRCm39	chromosome	11	105942509	105950081	1	testis_BL6_rep1-piC_260	9256
Mus musculus	reference (CL57BL6) strain	GRCm39	chromosome	11	108307232	108316823	-1	testis_BL6_rep1-piC_261	17108
Mus musculus	reference (CL57BL6) strain	GRCm39	chromosome	11	109287126	109291965	1	testis_BL6_rep1-piC_262	6073
Mus musculus	reference (CL57BL6) strain	GRCm39	chromosome	11	117615876	117624503	1	testis_BL6_rep1-piC_263	12503
Mus musculus	reference (CL57BL6) strain	GRCm39	chromosome	11	120475846	120485328	-1	testis_BL6_rep1-piC_264	19978
Mus musculus	reference (CL57BL6) strain	GRCm39	chromosome	11	120485329	120488635	-1	testis_BL6_rep1-piC_264	9152
Mus musculus	reference (CL57BL6) strain	GRCm39	chromosome	12	3551201	3556430	1	testis_BL6_rep1-piC_265	17409
Mus musculus	reference (CL57BL6) strain	GRCm39	chromosome	12	3958056	3964032	1	testis_BL6_rep1-piC_266	6144
Mus musculus	reference (CL57BL6) strain	GRCm39	chromosome	12	80501776	80509723	-1	testis_BL6_rep1-piC_268	40651
Mus musculus	reference (CL57BL6) strain	GRCm39	chromosome	12	84182343	84193615	1	testis_BL6_rep1-piC_269	27675
Mus musculus	reference (CL57BL6) strain	GRCm39	chromosome	12	87213181	87220374	-1	testis_BL6_rep1-piC_270	7868
Mus musculus	reference (CL57BL6) strain	GRCm39	chromosome	12	100855341	100876870	-1	testis_BL6_rep1-piC_272	56227
Mus musculus	reference (CL57BL6) strain	GRCm39	chromosome	13	22165670	22168190	1	testis_BL6_rep1-piC_273	2546
Mus musculus	reference (CL57BL6) strain	GRCm39	chromosome	13	22168191	22172135	1	testis_BL6_rep1-piC_273	5018
Mus musculus	reference (CL57BL6) strain	GRCm39	chromosome	13	38155733	38163744	-1	testis_BL6_rep1-piC_274	12600
Mus musculus	reference (CL57BL6) strain	GRCm39	chromosome	13	38374975	38384372	-1	testis_BL6_rep1-piC_275	11301
Mus musculus	reference (CL57BL6) strain	GRCm39	chromosome	13	41787719	41795931	1	testis_BL6_rep1-piC_276	14070
Mus musculus	reference (CL57BL6) strain	GRCm39	chromosome	13	49937796	49958084	1	testis_BL6_rep1-piC_277	22636
Mus musculus	reference (CL57BL6) strain	GRCm39	chromosome	13	53546381	53561771	1	testis_BL6_rep1-piC_285	58998
Mus musculus	reference (CL57BL6) strain	GRCm39	chromosome	13	56883844	56890081	1	testis_BL6_rep1-piC_286	8150
Mus musculus	reference (CL57BL6) strain	GRCm39	chromosome	13	100833645	100841537	-1	testis_BL6_rep1-piC_287	24971
Mus musculus	reference (CL57BL6) strain	GRCm39	chromosome	14	14089819	14090935	-1	testis_BL6_rep1-piC_288	1697
Mus musculus	reference (CL57BL6) strain	GRCm39	chromosome	14	14090936	14102267	-1	testis_BL6_rep1-piC_288	20949
Mus musculus	reference (CL57BL6) strain	GRCm39	chromosome	14	24127074	24179895	1	testis_BL6_rep1-piC_290	186290
Mus musculus	reference (CL57BL6) strain	GRCm39	chromosome	14	24385168	24420815	-1	testis_BL6_rep1-piC_291	253401
Mus musculus	reference (CL57BL6) strain	GRCm39	chromosome	14	24459116	24485880	-1	testis_BL6_rep1-piC_292	118023
Mus musculus	reference (CL57BL6) strain	GRCm39	chromosome	14	24490268	24498328	-1	testis_BL6_rep1-piC_293	65959
Mus musculus	reference (CL57BL6) strain	GRCm39	chromosome	14	45162570	45185253	1	testis_BL6_rep1-piC_296	223176
Mus musculus	reference (CL57BL6) strain	GRCm39	chromosome	14	61763646	61768469	1	testis_BL6_rep1-piC_297	7389
Mus musculus	reference (CL57BL6) strain	GRCm39	chromosome	14	65049465	65061130	-1	testis_BL6_rep1-piC_298	18151
Mus musculus	reference (CL57BL6) strain	GRCm39	chromosome	14	65858123	65868667	-1	testis_BL6_rep1-piC_299	52058
Mus musculus	reference (CL57BL6) strain	GRCm39	chromosome	14	78800470	78807557	-1	testis_BL6_rep1-piC_301	12519
Mus musculus	reference (CL57BL6) strain	GRCm39	chromosome	15	58780893	58785465	1	testis_BL6_rep1-piC_302	21185
Mus musculus	reference (CL57BL6) strain	GRCm39	chromosome	15	68235880	68244869	1	testis_BL6_rep1-piC_304	11359
Mus musculus	reference (CL57BL6) strain	GRCm39	chromosome	15	72956862	72961669	-1	testis_BL6_rep1-piC_305	11085
Mus musculus	reference (CL57BL6) strain	GRCm39	chromosome	15	72964147	72980299	-1	testis_BL6_rep1-piC_306	39515
Mus musculus	reference (CL57BL6) strain	GRCm39	chromosome	15	73022957	73028692	-1	testis_BL6_rep1-piC_307	7188
Mus musculus	reference (CL57BL6) strain	GRCm39	chromosome	15	73041940	73056645	-1	testis_BL6_rep1-piC_308	26033
Mus musculus	reference (CL57BL6) strain	GRCm39	chromosome	15	73589849	73596493	-1	testis_BL6_rep1-piC_309	22417
Mus musculus	reference (CL57BL6) strain	GRCm39	chromosome	15	74489043	74544859	1	testis_BL6_rep1-piC_310	110477
Mus musculus	reference (CL57BL6) strain	GRCm39	chromosome	15	75494407	75502730	1	testis_BL6_rep1-piC_311	11158
Mus musculus	reference (CL57BL6) strain	GRCm39	chromosome	15	78522564	78562193	-1	testis_BL6_rep1-piC_312	75550
Mus musculus	reference (CL57BL6) strain	GRCm39	chromosome	15	78565430	78571109	1	testis_BL6_rep1-piC_313	6443
Mus musculus	reference (CL57BL6) strain	GRCm39	chromosome	15	79808222	79848613	1	testis_BL6_rep1-piC_314	129719
Mus musculus	reference (CL57BL6) strain	GRCm39	chromosome	15	81334318	81341648	1	testis_BL6_rep1-piC_315	15432
Mus musculus	reference (CL57BL6) strain	GRCm39	chromosome	15	81707667	81712485	1	testis_BL6_rep1-piC_316	21811
Mus musculus	reference (CL57BL6) strain	GRCm39	chromosome	15	88629333	88635616	-1	testis_BL6_rep1-piC_317	21795
Mus musculus	reference (CL57BL6) strain	GRCm39	chromosome	15	100376183	100380551	-1	testis_BL6_rep1-piC_318	5331
Mus musculus	reference (CL57BL6) strain	GRCm39	chromosome	15	100469274	100481939	-1	testis_BL6_rep1-piC_319	47645
Mus musculus	reference (CL57BL6) strain	GRCm39	chromosome	15	100713025	100721751	1	testis_BL6_rep1-piC_320	13103
Mus musculus	reference (CL57BL6) strain	GRCm39	chromosome	15	103061848	103066650	-1	testis_BL6_rep1-piC_321	5386
Mus musculus	reference (CL57BL6) strain	GRCm39	chromosome	15	103096474	103109751	-1	testis_BL6_rep1-piC_322	19959
Mus musculus	reference (CL57BL6) strain	GRCm39	chromosome	16	12922652	12926391	-1	testis_BL6_rep1-piC_325	10590
Mus musculus	reference (CL57BL6) strain	GRCm39	chromosome	16	16561174	16566651	-1	testis_BL6_rep1-piC_326	45109
Mus musculus	reference (CL57BL6) strain	GRCm39	chromosome	16	16566652	16571738	-1	testis_BL6_rep1-piC_326	27674
Mus musculus	reference (CL57BL6) strain	GRCm39	chromosome	16	17050988	17058823	1	testis_BL6_rep1-piC_327	12559
Mus musculus	reference (CL57BL6) strain	GRCm39	chromosome	16	18317838	18330595	1	testis_BL6_rep1-piC_328	27446
Mus musculus	reference (CL57BL6) strain	GRCm39	chromosome	16	43783656	43789930	-1	testis_BL6_rep1-piC_329	9536
Mus musculus	reference (CL57BL6) strain	GRCm39	chromosome	16	46206743	46215633	-1	testis_BL6_rep1-piC_330	10815
Mus musculus	reference (CL57BL6) strain	GRCm39	chromosome	16	91112971	91118614	-1	testis_BL6_rep1-piC_331	11542
Mus musculus	reference (CL57BL6) strain	GRCm39	chromosome	16	95792627	95802183	-1	testis_BL6_rep1-piC_332	12738
Mus musculus	reference (CL57BL6) strain	GRCm39	chromosome	17	13706790	13711077	-1	testis_BL6_rep1-piC_333	8932
Mus musculus	reference (CL57BL6) strain	GRCm39	chromosome	17	30794369	30795304	1	testis_BL6_rep1-piC_339	3827
Mus musculus	reference (CL57BL6) strain	GRCm39	chromosome	17	30795305	30802532	1	testis_BL6_rep1-piC_339	19354
Mus musculus	reference (CL57BL6) strain	GRCm39	chromosome	17	33646973	33659992	1	testis_BL6_rep1-piC_340	65963
Mus musculus	reference (CL57BL6) strain	GRCm39	chromosome	17	33857118	33869354	-1	testis_BL6_rep1-piC_341	33765
Mus musculus	reference (CL57BL6) strain	GRCm39	chromosome	17	45754130	45762289	-1	testis_BL6_rep1-piC_342	24223
Mus musculus	reference (CL57BL6) strain	GRCm39	chromosome	17	66079431	66088004	-1	testis_BL6_rep1-piC_344	35663
Mus musculus	reference (CL57BL6) strain	GRCm39	chromosome	17	67029016	67036969	1	testis_BL6_rep1-piC_348	16924
Mus musculus	reference (CL57BL6) strain	GRCm39	chromosome	18	3255127	3264658	-1	testis_BL6_rep1-piC_349	9722
Mus musculus	reference (CL57BL6) strain	GRCm39	chromosome	18	10812103	10818534	1	testis_BL6_rep1-piC_350	7637
Mus musculus	reference (CL57BL6) strain	GRCm39	chromosome	18	35035222	35040718	-1	testis_BL6_rep1-piC_351	9289
Mus musculus	reference (CL57BL6) strain	GRCm39	chromosome	18	61324101	61333039	-1	testis_BL6_rep1-piC_353	40136
Mus musculus	reference (CL57BL6) strain	GRCm39	chromosome	18	65759307	65770088	1	testis_BL6_rep1-piC_354	22945
Mus musculus	reference (CL57BL6) strain	GRCm39	chromosome	18	67158197	67229082	-1	testis_BL6_rep1-piC_355	438570
Mus musculus	reference (CL57BL6) strain	GRCm39	chromosome	18	67231079	67231348	1	testis_BL6_rep1-piC_356	270
Mus musculus	reference (CL57BL6) strain	GRCm39	chromosome	18	67231349	67236052	1	testis_BL6_rep1-piC_356	26185
Mus musculus	reference (CL57BL6) strain	GRCm39	chromosome	18	77058050	77062936	1	testis_BL6_rep1-piC_357	6204
Mus musculus	reference (CL57BL6) strain	GRCm39	chromosome	18	77062937	77063708	1	testis_BL6_rep1-piC_357	1163
Mus musculus	reference (CL57BL6) strain	GRCm39	chromosome	18	77801957	77806653	1	testis_BL6_rep1-piC_358	56560
Mus musculus	reference (CL57BL6) strain	GRCm39	chromosome	19	4823062	4856896	-1	testis_BL6_rep1-piC_359	86039
Mus musculus	reference (CL57BL6) strain	GRCm39	chromosome	19	9960080	9964161	1	testis_BL6_rep1-piC_361	4780
Mus musculus	reference (CL57BL6) strain	GRCm39	chromosome	19	23694372	23705254	1	testis_BL6_rep1-piC_362	14100
Mus musculus	reference (CL57BL6) strain	GRCm39	chromosome	19	31884422	31909161	-1	testis_BL6_rep1-piC_363	81107
Mus musculus	reference (CL57BL6) strain	GRCm39	chromosome	19	37227494	37245292	-1	testis_BL6_rep1-piC_364	86089
Mus musculus	reference (CL57BL6) strain	GRCm39	chromosome	19	44557850	44566349	1	testis_BL6_rep1-piC_365	14427
Mus musculus	reference (CL57BL6) strain	GRCm39	chromosome	19	58859488	58874614	1	testis_BL6_rep1-piC_366	32642
