Mus musculus	reference (CL57BL6) strain	GRCm39	chromosome	1	34637775	34646964	1	testis_129_rep3-piC_1	46641
Mus musculus	reference (CL57BL6) strain	GRCm39	chromosome	1	34852398	34857185	-1	testis_129_rep3-piC_2	6484
Mus musculus	reference (CL57BL6) strain	GRCm39	chromosome	1	57386506	57401916	-1	testis_129_rep3-piC_3	31120
Mus musculus	reference (CL57BL6) strain	GRCm39	chromosome	1	67039719	67044120	-1	testis_129_rep3-piC_4	14998
Mus musculus	reference (CL57BL6) strain	GRCm39	chromosome	1	92906933	92929189	-1	testis_129_rep3-piC_5	44240
Mus musculus	reference (CL57BL6) strain	GRCm39	chromosome	1	103250676	103253713	1	testis_129_rep3-piC_6	26372
Mus musculus	reference (CL57BL6) strain	GRCm39	chromosome	1	118605142	118612810	1	testis_129_rep3-piC_7	12703
Mus musculus	reference (CL57BL6) strain	GRCm39	chromosome	1	119470809	119479323	-1	testis_129_rep3-piC_8	11257
Mus musculus	reference (CL57BL6) strain	GRCm39	chromosome	1	127409508	127415774	1	testis_129_rep3-piC_9	13253
Mus musculus	reference (CL57BL6) strain	GRCm39	chromosome	1	131951300	131960806	1	testis_129_rep3-piC_10	18128
Mus musculus	reference (CL57BL6) strain	GRCm39	chromosome	1	139097833	139103155	1	testis_129_rep3-piC_11	9397
Mus musculus	reference (CL57BL6) strain	GRCm39	chromosome	1	156468646	156477408	1	testis_129_rep3-piC_12	16822
Mus musculus	reference (CL57BL6) strain	GRCm39	chromosome	1	160792640	160804419	1	testis_129_rep3-piC_13	33323
Mus musculus	reference (CL57BL6) strain	GRCm39	chromosome	1	160830627	160847646	-1	testis_129_rep3-piC_14	28684
Mus musculus	reference (CL57BL6) strain	GRCm39	chromosome	1	165692904	165703600	-1	testis_129_rep3-piC_15	12011
Mus musculus	reference (CL57BL6) strain	GRCm39	chromosome	1	170021091	170027552	-1	testis_129_rep3-piC_16	7100
Mus musculus	reference (CL57BL6) strain	GRCm39	chromosome	1	172203130	172212956	1	testis_129_rep3-piC_17	22308
Mus musculus	reference (CL57BL6) strain	GRCm39	chromosome	2	25873173	25880443	1	testis_129_rep3-piC_19	24854
Mus musculus	reference (CL57BL6) strain	GRCm39	chromosome	2	28712393	28718162	-1	testis_129_rep3-piC_20	12592
Mus musculus	reference (CL57BL6) strain	GRCm39	chromosome	2	28999921	29013824	-1	testis_129_rep3-piC_21	144626
Mus musculus	reference (CL57BL6) strain	GRCm39	chromosome	2	37458628	37471588	-1	testis_129_rep3-piC_22	28448
Mus musculus	reference (CL57BL6) strain	GRCm39	chromosome	2	84418369	84429448	-1	testis_129_rep3-piC_23	16191
Mus musculus	reference (CL57BL6) strain	GRCm39	chromosome	2	91093556	91112866	1	testis_129_rep3-piC_24	72365
Mus musculus	reference (CL57BL6) strain	GRCm39	chromosome	2	92360967	92446558	1	testis_129_rep3-piC_25	212399
Mus musculus	reference (CL57BL6) strain	GRCm39	chromosome	2	92881509	92886149	1	testis_129_rep3-piC_26	13479
Mus musculus	reference (CL57BL6) strain	GRCm39	chromosome	2	93801315	93815889	1	testis_129_rep3-piC_29	33346
Mus musculus	reference (CL57BL6) strain	GRCm39	chromosome	2	102130487	102134824	-1	testis_129_rep3-piC_30	4710
Mus musculus	reference (CL57BL6) strain	GRCm39	chromosome	2	127097010	127103988	1	testis_129_rep3-piC_31	15553
Mus musculus	reference (CL57BL6) strain	GRCm39	chromosome	2	132146799	132154136	1	testis_129_rep3-piC_32	9517
Mus musculus	reference (CL57BL6) strain	GRCm39	chromosome	2	153069928	153074987	-1	testis_129_rep3-piC_37	9485
Mus musculus	reference (CL57BL6) strain	GRCm39	chromosome	2	153106186	153112218	1	testis_129_rep3-piC_38	14663
Mus musculus	reference (CL57BL6) strain	GRCm39	chromosome	2	153610728	153615047	1	testis_129_rep3-piC_39	9063
Mus musculus	reference (CL57BL6) strain	GRCm39	chromosome	2	158478037	158487425	1	testis_129_rep3-piC_40	26895
Mus musculus	reference (CL57BL6) strain	GRCm39	chromosome	2	160604869	160613287	-1	testis_129_rep3-piC_41	9333
Mus musculus	reference (CL57BL6) strain	GRCm39	chromosome	2	167324171	167325807	-1	testis_129_rep3-piC_42	8299
Mus musculus	reference (CL57BL6) strain	GRCm39	chromosome	2	181190576	181196066	1	testis_129_rep3-piC_43	6364
Mus musculus	reference (CL57BL6) strain	GRCm39	chromosome	3	21208251	21214569	1	testis_129_rep3-piC_45	31273
Mus musculus	reference (CL57BL6) strain	GRCm39	chromosome	3	32389021	32395581	-1	testis_129_rep3-piC_47	16907
Mus musculus	reference (CL57BL6) strain	GRCm39	chromosome	3	34497977	34512515	-1	testis_129_rep3-piC_48	17372
Mus musculus	reference (CL57BL6) strain	GRCm39	chromosome	3	34921047	34936375	1	testis_129_rep3-piC_49	33101
Mus musculus	reference (CL57BL6) strain	GRCm39	chromosome	3	68973655	68980942	-1	testis_129_rep3-piC_50	12062
Mus musculus	reference (CL57BL6) strain	GRCm39	chromosome	3	94404899	94410284	-1	testis_129_rep3-piC_52	5773
Mus musculus	reference (CL57BL6) strain	GRCm39	chromosome	3	95088843	95096042	-1	testis_129_rep3-piC_53	12600
Mus musculus	reference (CL57BL6) strain	GRCm39	chromosome	3	124199468	124215117	-1	testis_129_rep3-piC_54	32624
Mus musculus	reference (CL57BL6) strain	GRCm39	chromosome	3	137613821	137619921	1	testis_129_rep3-piC_55	10123
Mus musculus	reference (CL57BL6) strain	GRCm39	chromosome	4	42982378	42987467	-1	testis_129_rep3-piC_62	40147
Mus musculus	reference (CL57BL6) strain	GRCm39	chromosome	4	45372691	45374745	1	testis_129_rep3-piC_63	2302
Mus musculus	reference (CL57BL6) strain	GRCm39	chromosome	4	45374746	45379728	1	testis_129_rep3-piC_63	5825
Mus musculus	reference (CL57BL6) strain	GRCm39	chromosome	4	56866220	56878153	-1	testis_129_rep3-piC_64	46376
Mus musculus	reference (CL57BL6) strain	GRCm39	chromosome	4	57353340	57366943	-1	testis_129_rep3-piC_65	63294
Mus musculus	reference (CL57BL6) strain	GRCm39	chromosome	4	59767277	59775746	-1	testis_129_rep3-piC_66	16055
Mus musculus	reference (CL57BL6) strain	GRCm39	chromosome	4	62133609	62161532	-1	testis_129_rep3-piC_67	260517
Mus musculus	reference (CL57BL6) strain	GRCm39	chromosome	4	94162516	94219738	-1	testis_129_rep3-piC_68	124155
Mus musculus	reference (CL57BL6) strain	GRCm39	chromosome	4	94219739	94226129	-1	testis_129_rep3-piC_68	45087
Mus musculus	reference (CL57BL6) strain	GRCm39	chromosome	4	108084245	108095026	-1	testis_129_rep3-piC_70	26728
Mus musculus	reference (CL57BL6) strain	GRCm39	chromosome	4	119075355	119084923	-1	testis_129_rep3-piC_71	37599
Mus musculus	reference (CL57BL6) strain	GRCm39	chromosome	4	120762558	120770525	-1	testis_129_rep3-piC_72	21308
Mus musculus	reference (CL57BL6) strain	GRCm39	chromosome	4	123716835	123736952	-1	testis_129_rep3-piC_73	65569
Mus musculus	reference (CL57BL6) strain	GRCm39	chromosome	4	123775830	123791868	-1	testis_129_rep3-piC_74	86547
Mus musculus	reference (CL57BL6) strain	GRCm39	chromosome	4	128472063	128480383	-1	testis_129_rep3-piC_75	17230
Mus musculus	reference (CL57BL6) strain	GRCm39	chromosome	4	135349484	135362404	1	testis_129_rep3-piC_78	36223
Mus musculus	reference (CL57BL6) strain	GRCm39	chromosome	4	155799944	155805107	1	testis_129_rep3-piC_79	14175
Mus musculus	reference (CL57BL6) strain	GRCm39	chromosome	5	31332599	31337005	-1	testis_129_rep3-piC_80	10231
Mus musculus	reference (CL57BL6) strain	GRCm39	chromosome	5	36734210	36739052	-1	testis_129_rep3-piC_82	5646
Mus musculus	reference (CL57BL6) strain	GRCm39	chromosome	5	52353520	52358926	1	testis_129_rep3-piC_83	10056
Mus musculus	reference (CL57BL6) strain	GRCm39	chromosome	5	67549882	67555993	-1	testis_129_rep3-piC_84	7738
Mus musculus	reference (CL57BL6) strain	GRCm39	chromosome	5	113507030	113527673	1	testis_129_rep3-piC_86	86965
Mus musculus	reference (CL57BL6) strain	GRCm39	chromosome	5	114966059	114979165	-1	testis_129_rep3-piC_87	106659
Mus musculus	reference (CL57BL6) strain	GRCm39	chromosome	5	114979218	114993266	-1	testis_129_rep3-piC_87	354019
Mus musculus	reference (CL57BL6) strain	GRCm39	chromosome	5	115278636	115286191	-1	testis_129_rep3-piC_88	16242
Mus musculus	reference (CL57BL6) strain	GRCm39	chromosome	5	124506880	124513396	-1	testis_129_rep3-piC_89	8704
Mus musculus	reference (CL57BL6) strain	GRCm39	chromosome	5	125552967	125558194	1	testis_129_rep3-piC_90	7448
Mus musculus	reference (CL57BL6) strain	GRCm39	chromosome	5	130011073	130018386	1	testis_129_rep3-piC_91	38759
Mus musculus	reference (CL57BL6) strain	GRCm39	chromosome	5	135183294	135196207	1	testis_129_rep3-piC_93	34986
Mus musculus	reference (CL57BL6) strain	GRCm39	chromosome	5	136294474	136303388	-1	testis_129_rep3-piC_94	11204
Mus musculus	reference (CL57BL6) strain	GRCm39	chromosome	5	138136065	138146365	-1	testis_129_rep3-piC_95	54716
Mus musculus	reference (CL57BL6) strain	GRCm39	chromosome	5	142648811	142657729	1	testis_129_rep3-piC_96	12531
Mus musculus	reference (CL57BL6) strain	GRCm39	chromosome	5	142852745	142858135	-1	testis_129_rep3-piC_97	8187
Mus musculus	reference (CL57BL6) strain	GRCm39	chromosome	5	143299218	143311960	-1	testis_129_rep3-piC_98	25013
Mus musculus	reference (CL57BL6) strain	GRCm39	chromosome	5	143743318	143768454	1	testis_129_rep3-piC_99	98303
Mus musculus	reference (CL57BL6) strain	GRCm39	chromosome	5	149710063	149734571	-1	testis_129_rep3-piC_100	43091
Mus musculus	reference (CL57BL6) strain	GRCm39	chromosome	5	149734572	149757768	-1	testis_129_rep3-piC_100	81967
Mus musculus	reference (CL57BL6) strain	GRCm39	chromosome	6	30449983	30454530	1	testis_129_rep3-piC_101	5160
Mus musculus	reference (CL57BL6) strain	GRCm39	chromosome	6	38665629	38674581	-1	testis_129_rep3-piC_102	10544
Mus musculus	reference (CL57BL6) strain	GRCm39	chromosome	6	48545079	48550334	1	testis_129_rep3-piC_103	8045
Mus musculus	reference (CL57BL6) strain	GRCm39	chromosome	6	81870810	81891322	-1	testis_129_rep3-piC_104	70726
Mus musculus	reference (CL57BL6) strain	GRCm39	chromosome	6	83561941	83566929	1	testis_129_rep3-piC_105	63951
Mus musculus	reference (CL57BL6) strain	GRCm39	chromosome	6	83744853	83751457	-1	testis_129_rep3-piC_106	9782
Mus musculus	reference (CL57BL6) strain	GRCm39	chromosome	6	83781766	83787790	-1	testis_129_rep3-piC_107	14718
Mus musculus	reference (CL57BL6) strain	GRCm39	chromosome	6	85082189	85096511	-1	testis_129_rep3-piC_108	77825
Mus musculus	reference (CL57BL6) strain	GRCm39	chromosome	6	85917716	85925134	-1	testis_129_rep3-piC_109	22024
Mus musculus	reference (CL57BL6) strain	GRCm39	chromosome	6	85959482	85981507	-1	testis_129_rep3-piC_110	110440
Mus musculus	reference (CL57BL6) strain	GRCm39	chromosome	6	87010118	87021091	-1	testis_129_rep3-piC_111	44745
Mus musculus	reference (CL57BL6) strain	GRCm39	chromosome	6	87918215	87979235	-1	testis_129_rep3-piC_112	291245
Mus musculus	reference (CL57BL6) strain	GRCm39	chromosome	6	92142522	92148070	1	testis_129_rep3-piC_113	21459
Mus musculus	reference (CL57BL6) strain	GRCm39	chromosome	6	112594240	112597865	-1	testis_129_rep3-piC_114	10757
Mus musculus	reference (CL57BL6) strain	GRCm39	chromosome	6	120861960	120871112	1	testis_129_rep3-piC_115	11575
Mus musculus	reference (CL57BL6) strain	GRCm39	chromosome	6	128153847	128182874	-1	testis_129_rep3-piC_117	576257
Mus musculus	reference (CL57BL6) strain	GRCm39	chromosome	6	128415365	128429985	1	testis_129_rep3-piC_118	38089
Mus musculus	reference (CL57BL6) strain	GRCm39	chromosome	6	136581624	136589158	1	testis_129_rep3-piC_119	13762
Mus musculus	reference (CL57BL6) strain	GRCm39	chromosome	6	140539008	140542413	1	testis_129_rep3-piC_120	9383
Mus musculus	reference (CL57BL6) strain	GRCm39	chromosome	6	148552550	148560134	-1	testis_129_rep3-piC_121	21283
Mus musculus	reference (CL57BL6) strain	GRCm39	chromosome	7	24232443	24239825	1	testis_129_rep3-piC_122	13932
Mus musculus	reference (CL57BL6) strain	GRCm39	chromosome	7	25319008	25324945	1	testis_129_rep3-piC_123	7253
Mus musculus	reference (CL57BL6) strain	GRCm39	chromosome	7	27888183	27897043	1	testis_129_rep3-piC_124	19835
Mus musculus	reference (CL57BL6) strain	GRCm39	chromosome	7	29829516	29833731	1	testis_129_rep3-piC_125	11333
Mus musculus	reference (CL57BL6) strain	GRCm39	chromosome	7	45481662	45483828	1	testis_129_rep3-piC_127	2204
Mus musculus	reference (CL57BL6) strain	GRCm39	chromosome	7	45483829	45491247	1	testis_129_rep3-piC_127	22407
Mus musculus	reference (CL57BL6) strain	GRCm39	chromosome	7	52537363	52541759	1	testis_129_rep3-piC_128	25022
Mus musculus	reference (CL57BL6) strain	GRCm39	chromosome	7	52556415	52570723	1	testis_129_rep3-piC_129	45582
Mus musculus	reference (CL57BL6) strain	GRCm39	chromosome	7	73514554	73519359	1	testis_129_rep3-piC_133	17770
Mus musculus	reference (CL57BL6) strain	GRCm39	chromosome	7	81536602	81544750	-1	testis_129_rep3-piC_134	10776
Mus musculus	reference (CL57BL6) strain	GRCm39	chromosome	7	99568710	99577065	-1	testis_129_rep3-piC_135	9713
Mus musculus	reference (CL57BL6) strain	GRCm39	chromosome	7	108628505	108634631	1	testis_129_rep3-piC_136	6820
Mus musculus	reference (CL57BL6) strain	GRCm39	chromosome	7	121157958	121163531	-1	testis_129_rep3-piC_137	7094
Mus musculus	reference (CL57BL6) strain	GRCm39	chromosome	7	121677584	121683298	1	testis_129_rep3-piC_138	8548
Mus musculus	reference (CL57BL6) strain	GRCm39	chromosome	7	124920042	124935966	-1	testis_129_rep3-piC_139	22349
Mus musculus	reference (CL57BL6) strain	GRCm39	chromosome	7	132312675	132318683	-1	testis_129_rep3-piC_141	12579
Mus musculus	reference (CL57BL6) strain	GRCm39	chromosome	7	134846611	134857801	-1	testis_129_rep3-piC_142	52467
Mus musculus	reference (CL57BL6) strain	GRCm39	chromosome	8	4279763	4290149	-1	testis_129_rep3-piC_143	40740
Mus musculus	reference (CL57BL6) strain	GRCm39	chromosome	8	4334877	4339877	-1	testis_129_rep3-piC_144	5803
Mus musculus	reference (CL57BL6) strain	GRCm39	chromosome	8	22557972	22563292	1	testis_129_rep3-piC_145	7736
Mus musculus	reference (CL57BL6) strain	GRCm39	chromosome	8	23083982	23090357	1	testis_129_rep3-piC_146	14268
Mus musculus	reference (CL57BL6) strain	GRCm39	chromosome	8	25643292	25644634	-1	testis_129_rep3-piC_147	1458
Mus musculus	reference (CL57BL6) strain	GRCm39	chromosome	8	25644928	25649837	-1	testis_129_rep3-piC_147	6053
Mus musculus	reference (CL57BL6) strain	GRCm39	chromosome	8	34395874	34404728	-1	testis_129_rep3-piC_148	26371
Mus musculus	reference (CL57BL6) strain	GRCm39	chromosome	8	35293633	35298361	-1	testis_129_rep3-piC_149	5504
Mus musculus	reference (CL57BL6) strain	GRCm39	chromosome	8	66964460	66971823	1	testis_129_rep3-piC_150	12838
Mus musculus	reference (CL57BL6) strain	GRCm39	chromosome	8	70276671	70279270	1	testis_129_rep3-piC_151	3750
Mus musculus	reference (CL57BL6) strain	GRCm39	chromosome	8	70279271	70286365	1	testis_129_rep3-piC_151	24036
Mus musculus	reference (CL57BL6) strain	GRCm39	chromosome	8	71396367	71408877	-1	testis_129_rep3-piC_152	34718
Mus musculus	reference (CL57BL6) strain	GRCm39	chromosome	8	85420234	85427544	1	testis_129_rep3-piC_153	26873
Mus musculus	reference (CL57BL6) strain	GRCm39	chromosome	8	86576356	86582231	-1	testis_129_rep3-piC_154	10338
Mus musculus	reference (CL57BL6) strain	GRCm39	chromosome	8	92911760	92928765	1	testis_129_rep3-piC_155	44664
Mus musculus	reference (CL57BL6) strain	GRCm39	chromosome	8	94134080	94154548	-1	testis_129_rep3-piC_156	29998
Mus musculus	reference (CL57BL6) strain	GRCm39	chromosome	8	94741593	94746323	-1	testis_129_rep3-piC_157	18530
Mus musculus	reference (CL57BL6) strain	GRCm39	chromosome	8	105074875	105082921	-1	testis_129_rep3-piC_158	10081
Mus musculus	reference (CL57BL6) strain	GRCm39	chromosome	8	107737478	107746234	1	testis_129_rep3-piC_159	28490
Mus musculus	reference (CL57BL6) strain	GRCm39	chromosome	8	110450816	110461723	-1	testis_129_rep3-piC_160	31351
Mus musculus	reference (CL57BL6) strain	GRCm39	chromosome	8	111725813	111734716	-1	testis_129_rep3-piC_161	22088
Mus musculus	reference (CL57BL6) strain	GRCm39	chromosome	8	111859202	111868473	1	testis_129_rep3-piC_162	26802
Mus musculus	reference (CL57BL6) strain	GRCm39	chromosome	8	117930714	117945724	1	testis_129_rep3-piC_163	32187
Mus musculus	reference (CL57BL6) strain	GRCm39	chromosome	8	122640758	122647497	1	testis_129_rep3-piC_164	22542
Mus musculus	reference (CL57BL6) strain	GRCm39	chromosome	9	27258673	27265003	1	testis_129_rep3-piC_167	9913
Mus musculus	reference (CL57BL6) strain	GRCm39	chromosome	9	30977973	30988052	1	testis_129_rep3-piC_168	21070
Mus musculus	reference (CL57BL6) strain	GRCm39	chromosome	9	37183069	37187838	-1	testis_129_rep3-piC_169	22625
Mus musculus	reference (CL57BL6) strain	GRCm39	chromosome	9	54184557	54204747	1	testis_129_rep3-piC_173	61872
Mus musculus	reference (CL57BL6) strain	GRCm39	chromosome	9	75321811	75330643	1	testis_129_rep3-piC_175	19363
Mus musculus	reference (CL57BL6) strain	GRCm39	chromosome	9	107921561	107925980	1	testis_129_rep3-piC_177	6007
Mus musculus	reference (CL57BL6) strain	GRCm39	chromosome	9	114559893	114566431	1	testis_129_rep3-piC_178	25139
Mus musculus	reference (CL57BL6) strain	GRCm39	chromosome	9	118161557	118172681	1	testis_129_rep3-piC_179	25923
Mus musculus	reference (CL57BL6) strain	GRCm39	chromosome	9	122601747	122636809	-1	testis_129_rep3-piC_180	69393
Mus musculus	reference (CL57BL6) strain	GRCm39	chromosome	10	18664885	18688692	-1	testis_129_rep3-piC_181	91064
Mus musculus	reference (CL57BL6) strain	GRCm39	chromosome	10	34172819	34177563	1	testis_129_rep3-piC_182	5431
Mus musculus	reference (CL57BL6) strain	GRCm39	chromosome	10	40352904	40360843	1	testis_129_rep3-piC_183	14213
Mus musculus	reference (CL57BL6) strain	GRCm39	chromosome	10	61261460	61274339	-1	testis_129_rep3-piC_184	40523
Mus musculus	reference (CL57BL6) strain	GRCm39	chromosome	10	62487471	62495287	1	testis_129_rep3-piC_185	12533
Mus musculus	reference (CL57BL6) strain	GRCm39	chromosome	10	62495288	62541094	1	testis_129_rep3-piC_185	128114
Mus musculus	reference (CL57BL6) strain	GRCm39	chromosome	10	63174748	63181144	1	testis_129_rep3-piC_186	15580
Mus musculus	reference (CL57BL6) strain	GRCm39	chromosome	10	66513989	66548225	-1	testis_129_rep3-piC_187	232619
Mus musculus	reference (CL57BL6) strain	GRCm39	chromosome	10	75671824	75701208	1	testis_129_rep3-piC_188	135096
Mus musculus	reference (CL57BL6) strain	GRCm39	chromosome	10	75701209	75721719	1	testis_129_rep3-piC_188	89245
Mus musculus	reference (CL57BL6) strain	GRCm39	chromosome	10	78101950	78109588	-1	testis_129_rep3-piC_189	9165
Mus musculus	reference (CL57BL6) strain	GRCm39	chromosome	10	80635768	80637296	1	testis_129_rep3-piC_190	1993
Mus musculus	reference (CL57BL6) strain	GRCm39	chromosome	10	80640014	80641467	1	testis_129_rep3-piC_190	1662
Mus musculus	reference (CL57BL6) strain	GRCm39	chromosome	10	81206092	81219252	-1	testis_129_rep3-piC_191	24469
Mus musculus	reference (CL57BL6) strain	GRCm39	chromosome	10	81246598	81253839	1	testis_129_rep3-piC_193	23177
Mus musculus	reference (CL57BL6) strain	GRCm39	chromosome	10	84320662	84341978	1	testis_129_rep3-piC_195	64661
Mus musculus	reference (CL57BL6) strain	GRCm39	chromosome	10	84342515	84350407	1	testis_129_rep3-piC_196	11100
Mus musculus	reference (CL57BL6) strain	GRCm39	chromosome	10	85615583	85620791	1	testis_129_rep3-piC_197	50968
Mus musculus	reference (CL57BL6) strain	GRCm39	chromosome	10	85672966	85673683	-1	testis_129_rep3-piC_198	9044
Mus musculus	reference (CL57BL6) strain	GRCm39	chromosome	10	85673684	85704917	-1	testis_129_rep3-piC_198	298481
Mus musculus	reference (CL57BL6) strain	GRCm39	chromosome	10	112761426	112766401	-1	testis_129_rep3-piC_200	5921
Mus musculus	reference (CL57BL6) strain	GRCm39	chromosome	10	127523908	127536894	1	testis_129_rep3-piC_201	28508
Mus musculus	reference (CL57BL6) strain	GRCm39	chromosome	11	5639378	5654456	1	testis_129_rep3-piC_202	56276
Mus musculus	reference (CL57BL6) strain	GRCm39	chromosome	11	5654457	5655543	1	testis_129_rep3-piC_202	3466
Mus musculus	reference (CL57BL6) strain	GRCm39	chromosome	11	8943161	8948754	-1	testis_129_rep3-piC_203	15121
Mus musculus	reference (CL57BL6) strain	GRCm39	chromosome	11	20597848	20602576	1	testis_129_rep3-piC_204	4997
Mus musculus	reference (CL57BL6) strain	GRCm39	chromosome	11	53305850	53312168	1	testis_129_rep3-piC_205	6518
Mus musculus	reference (CL57BL6) strain	GRCm39	chromosome	11	55390703	55395460	1	testis_129_rep3-piC_206	10059
Mus musculus	reference (CL57BL6) strain	GRCm39	chromosome	11	61763810	61764518	-1	testis_129_rep3-piC_209	3817
Mus musculus	reference (CL57BL6) strain	GRCm39	chromosome	11	75462589	75470964	1	testis_129_rep3-piC_211	17519
Mus musculus	reference (CL57BL6) strain	GRCm39	chromosome	11	78728929	78736147	1	testis_129_rep3-piC_212	13793
Mus musculus	reference (CL57BL6) strain	GRCm39	chromosome	11	79581296	79589794	1	testis_129_rep3-piC_213	16348
Mus musculus	reference (CL57BL6) strain	GRCm39	chromosome	11	82766016	82774421	-1	testis_129_rep3-piC_214	34469
Mus musculus	reference (CL57BL6) strain	GRCm39	chromosome	11	88925545	88932320	-1	testis_129_rep3-piC_216	18214
Mus musculus	reference (CL57BL6) strain	GRCm39	chromosome	11	90367422	90371085	-1	testis_129_rep3-piC_217	18729
Mus musculus	reference (CL57BL6) strain	GRCm39	chromosome	11	95654418	95663149	1	testis_129_rep3-piC_218	13473
Mus musculus	reference (CL57BL6) strain	GRCm39	chromosome	11	97281305	97289321	1	testis_129_rep3-piC_219	11883
Mus musculus	reference (CL57BL6) strain	GRCm39	chromosome	11	98790973	98795602	1	testis_129_rep3-piC_220	6209
Mus musculus	reference (CL57BL6) strain	GRCm39	chromosome	11	100344409	100355270	-1	testis_129_rep3-piC_221	27136
Mus musculus	reference (CL57BL6) strain	GRCm39	chromosome	11	103312012	103341928	1	testis_129_rep3-piC_222	81567
Mus musculus	reference (CL57BL6) strain	GRCm39	chromosome	11	105942638	105952238	1	testis_129_rep3-piC_223	12668
Mus musculus	reference (CL57BL6) strain	GRCm39	chromosome	11	108307082	108317876	-1	testis_129_rep3-piC_224	19409
Mus musculus	reference (CL57BL6) strain	GRCm39	chromosome	11	117616049	117625046	1	testis_129_rep3-piC_225	13655
Mus musculus	reference (CL57BL6) strain	GRCm39	chromosome	11	120478829	120485328	-1	testis_129_rep3-piC_226	13991
Mus musculus	reference (CL57BL6) strain	GRCm39	chromosome	11	120485329	120487585	-1	testis_129_rep3-piC_226	7882
Mus musculus	reference (CL57BL6) strain	GRCm39	chromosome	12	80500656	80509244	-1	testis_129_rep3-piC_228	29206
Mus musculus	reference (CL57BL6) strain	GRCm39	chromosome	12	84184984	84190966	1	testis_129_rep3-piC_229	16915
Mus musculus	reference (CL57BL6) strain	GRCm39	chromosome	12	87211646	87220376	-1	testis_129_rep3-piC_230	10033
Mus musculus	reference (CL57BL6) strain	GRCm39	chromosome	12	100856547	100866174	-1	testis_129_rep3-piC_232	21806
Mus musculus	reference (CL57BL6) strain	GRCm39	chromosome	12	100866615	100878070	-1	testis_129_rep3-piC_233	25404
Mus musculus	reference (CL57BL6) strain	GRCm39	chromosome	13	38156039	38163746	-1	testis_129_rep3-piC_234	11919
Mus musculus	reference (CL57BL6) strain	GRCm39	chromosome	13	38375874	38381908	-1	testis_129_rep3-piC_235	6276
Mus musculus	reference (CL57BL6) strain	GRCm39	chromosome	13	41788081	41795931	1	testis_129_rep3-piC_236	13615
Mus musculus	reference (CL57BL6) strain	GRCm39	chromosome	13	53546451	53561131	1	testis_129_rep3-piC_240	55805
Mus musculus	reference (CL57BL6) strain	GRCm39	chromosome	13	100833346	100840251	-1	testis_129_rep3-piC_241	18152
Mus musculus	reference (CL57BL6) strain	GRCm39	chromosome	14	14091762	14102743	-1	testis_129_rep3-piC_242	20868
Mus musculus	reference (CL57BL6) strain	GRCm39	chromosome	14	24124016	24179440	1	testis_129_rep3-piC_244	210387
Mus musculus	reference (CL57BL6) strain	GRCm39	chromosome	14	32224179	32233061	-1	testis_129_rep3-piC_247	35253
Mus musculus	reference (CL57BL6) strain	GRCm39	chromosome	14	45161593	45185514	1	testis_129_rep3-piC_248	254064
Mus musculus	reference (CL57BL6) strain	GRCm39	chromosome	14	65050766	65060992	-1	testis_129_rep3-piC_250	16657
Mus musculus	reference (CL57BL6) strain	GRCm39	chromosome	14	65858823	65868679	-1	testis_129_rep3-piC_251	47880
Mus musculus	reference (CL57BL6) strain	GRCm39	chromosome	14	78729724	78733195	-1	testis_129_rep3-piC_252	4230
Mus musculus	reference (CL57BL6) strain	GRCm39	chromosome	15	72964734	72980299	-1	testis_129_rep3-piC_254	38849
Mus musculus	reference (CL57BL6) strain	GRCm39	chromosome	15	73043889	73054839	-1	testis_129_rep3-piC_255	21330
Mus musculus	reference (CL57BL6) strain	GRCm39	chromosome	15	75494502	75501654	1	testis_129_rep3-piC_256	9643
Mus musculus	reference (CL57BL6) strain	GRCm39	chromosome	15	78522876	78560972	-1	testis_129_rep3-piC_257	73068
Mus musculus	reference (CL57BL6) strain	GRCm39	chromosome	15	79807682	79848366	1	testis_129_rep3-piC_258	124363
Mus musculus	reference (CL57BL6) strain	GRCm39	chromosome	15	80131581	80141568	1	testis_129_rep3-piC_259	12158
Mus musculus	reference (CL57BL6) strain	GRCm39	chromosome	15	81334320	81343666	1	testis_129_rep3-piC_260	30146
Mus musculus	reference (CL57BL6) strain	GRCm39	chromosome	15	81706306	81712191	1	testis_129_rep3-piC_261	17564
Mus musculus	reference (CL57BL6) strain	GRCm39	chromosome	15	88629165	88634163	-1	testis_129_rep3-piC_262	18459
Mus musculus	reference (CL57BL6) strain	GRCm39	chromosome	15	89244557	89257650	1	testis_129_rep3-piC_263	21621
Mus musculus	reference (CL57BL6) strain	GRCm39	chromosome	15	89952083	89959246	-1	testis_129_rep3-piC_264	18260
Mus musculus	reference (CL57BL6) strain	GRCm39	chromosome	15	100713701	100721752	1	testis_129_rep3-piC_265	12414
Mus musculus	reference (CL57BL6) strain	GRCm39	chromosome	15	103061766	103067770	-1	testis_129_rep3-piC_266	6851
Mus musculus	reference (CL57BL6) strain	GRCm39	chromosome	15	103098822	103109730	-1	testis_129_rep3-piC_267	14204
Mus musculus	reference (CL57BL6) strain	GRCm39	chromosome	16	16561165	16564711	-1	testis_129_rep3-piC_270	15821
Mus musculus	reference (CL57BL6) strain	GRCm39	chromosome	16	16568519	16572030	-1	testis_129_rep3-piC_270	8377
Mus musculus	reference (CL57BL6) strain	GRCm39	chromosome	16	17049335	17059194	1	testis_129_rep3-piC_271	28203
Mus musculus	reference (CL57BL6) strain	GRCm39	chromosome	16	18317678	18330628	1	testis_129_rep3-piC_272	27644
Mus musculus	reference (CL57BL6) strain	GRCm39	chromosome	16	43783678	43789768	-1	testis_129_rep3-piC_273	9304
Mus musculus	reference (CL57BL6) strain	GRCm39	chromosome	16	46208209	46215633	-1	testis_129_rep3-piC_274	8340
Mus musculus	reference (CL57BL6) strain	GRCm39	chromosome	16	95792553	95801346	-1	testis_129_rep3-piC_275	11268
Mus musculus	reference (CL57BL6) strain	GRCm39	chromosome	17	26990347	26994005	1	testis_129_rep3-piC_277	7554
Mus musculus	reference (CL57BL6) strain	GRCm39	chromosome	17	30794368	30795304	1	testis_129_rep3-piC_281	3828
Mus musculus	reference (CL57BL6) strain	GRCm39	chromosome	17	33648852	33657429	1	testis_129_rep3-piC_282	36518
Mus musculus	reference (CL57BL6) strain	GRCm39	chromosome	17	33862143	33869349	-1	testis_129_rep3-piC_283	24834
Mus musculus	reference (CL57BL6) strain	GRCm39	chromosome	17	45755284	45762251	-1	testis_129_rep3-piC_284	15565
Mus musculus	reference (CL57BL6) strain	GRCm39	chromosome	18	10811999	10818066	1	testis_129_rep3-piC_288	7179
Mus musculus	reference (CL57BL6) strain	GRCm39	chromosome	18	14893613	14903687	1	testis_129_rep3-piC_289	27545
Mus musculus	reference (CL57BL6) strain	GRCm39	chromosome	18	33332358	33337606	-1	testis_129_rep3-piC_290	6624
Mus musculus	reference (CL57BL6) strain	GRCm39	chromosome	18	35035944	35040719	-1	testis_129_rep3-piC_291	8261
Mus musculus	reference (CL57BL6) strain	GRCm39	chromosome	18	44552049	44556988	1	testis_129_rep3-piC_292	5871
Mus musculus	reference (CL57BL6) strain	GRCm39	chromosome	19	4823929	4856415	-1	testis_129_rep3-piC_295	81037
Mus musculus	reference (CL57BL6) strain	GRCm39	chromosome	19	5890464	5896226	-1	testis_129_rep3-piC_296	8993
Mus musculus	reference (CL57BL6) strain	GRCm39	chromosome	19	23694536	23703306	1	testis_129_rep3-piC_297	11742
Mus musculus	reference (CL57BL6) strain	GRCm39	chromosome	19	31885354	31909969	-1	testis_129_rep3-piC_298	80970
Mus musculus	reference (CL57BL6) strain	GRCm39	chromosome	19	37224647	37247436	-1	testis_129_rep3-piC_299	92973
Mus musculus	reference (CL57BL6) strain	GRCm39	chromosome	19	44557881	44565824	1	testis_129_rep3-piC_300	13781
Mus musculus	reference (CL57BL6) strain	GRCm39	chromosome	19	56774582	56781240	-1	testis_129_rep3-piC_301	9480
Mus musculus	reference (CL57BL6) strain	GRCm39	chromosome	19	58860935	58875636	1	testis_129_rep3-piC_302	28707
